1761051941.901729,10.219.6.171,10.219.6.255,udp,dns,1.508355,150,0,0
1761051917.484960,0.0.0.0,255.255.255.255,udp,dhcp,0.000301,564,0,0
1761051991.498076,10.219.6.232,216.58.213.106,tcp,ssl,0.587693,1553,9421,0
1761051992.344227,10.219.6.232,146.75.1.91,tcp,ssl,0.291624,458,3424,0
1761051990.212396,10.219.6.232,10.219.6.60,udp,dns,0.053506,92,192,0
1761051990.406560,10.219.6.232,10.219.6.60,udp,dns,0.254447,74,323,0
1761051995.481688,10.219.6.232,142.251.140.46,tcp,-,0.025785,0,0,0
1761051990.675986,10.219.6.232,10.219.6.60,udp,dns,0.054377,106,296,0
1761051990.908302,10.219.6.232,10.219.6.60,udp,dns,0.037651,56,170,0
1761051991.418816,10.219.6.232,10.219.6.60,udp,dns,0.045958,86,186,0
1761051991.458548,10.219.6.232,10.219.6.60,udp,dns,0.038860,90,134,0
1761051991.569416,10.219.6.232,10.219.6.60,udp,dns,0.028488,110,226,0
1761051991.668686,10.219.6.232,10.219.6.60,udp,dns,0.007865,56,170,0
1761051995.122978,10.219.6.232,142.251.140.46,tcp,ssl,1.624558,1432,113851,0
1761051992.257373,10.219.6.232,10.219.6.60,udp,dns,0.199791,58,234,0
1761051992.258034,10.219.6.232,10.219.6.60,udp,dns,0.050466,29,93,0
1761051992.261456,10.219.6.232,10.219.6.60,udp,dns,0.055204,62,151,0
1761051992.262694,10.219.6.232,10.219.6.60,udp,dns,0.057094,42,156,0
1761051992.309106,10.219.6.232,10.219.6.60,udp,dns,0.050248,84,324,0
1761051995.072349,10.219.6.232,10.219.6.60,udp,dns,0.049406,66,508,0
1761051999.860446,10.219.6.232,172.217.17.97,tcp,ssl,0.454398,858,8775,0
1761051999.876580,10.219.6.232,172.217.17.97,tcp,ssl,0.453859,858,8776,0
1761051995.505627,10.219.6.232,10.219.6.60,udp,dns,0.033404,70,114,0
1761051995.506650,10.219.6.232,10.219.6.60,udp,dns,0.028428,58,426,0
1761051995.827328,10.219.6.232,10.219.6.60,udp,dns,0.003393,58,426,0
1761051995.841962,10.219.6.232,10.219.6.60,udp,dns,0.037002,76,120,0
1761051996.867833,10.219.6.232,10.219.6.60,udp,dns,0.033686,74,118,0
1761051996.890685,10.219.6.232,10.219.6.60,udp,dns,0.003029,70,114,0
1761051997.574182,10.219.6.232,10.219.6.60,udp,dns,0.042518,64,108,0
1761051997.780705,10.219.6.232,10.219.6.60,udp,dns,0.035826,90,134,0
1761051999.279453,10.219.6.232,10.219.6.60,udp,dns,0.046201,66,110,0
1761051999.700531,10.219.6.232,10.219.6.60,udp,dns,0.037110,70,114,0
1761051999.757473,10.219.6.232,10.219.6.60,udp,dns,0.050358,62,202,0
1761052003.639403,10.219.6.232,31.145.158.78,tcp,ssl,1.630850,4284,741274,0
1761052001.211326,10.219.6.232,10.219.6.60,udp,dns,0.221995,80,124,0
1761052001.599815,10.219.6.232,10.219.6.60,udp,dns,0.036484,114,260,0
1761052001.714880,10.219.6.232,31.145.158.80,tcp,ssl,5.287358,775,4516,0
1761052006.799532,10.219.6.232,142.250.184.142,tcp,ssl,0.442489,1708,6872,0
1761052002.487484,10.219.6.232,10.219.6.60,udp,dns,0.049237,114,260,0
1761052002.828881,10.219.6.232,10.219.6.60,udp,dns,0.057945,114,260,0
1761052006.799896,10.219.6.232,142.250.184.142,tcp,ssl,1.241961,1588,6995,0
1761052003.178908,10.219.6.232,10.219.6.60,udp,dns,0.066238,114,260,0
1761052003.581509,10.219.6.232,10.219.6.60,udp,dns,0.052822,114,260,0
1761052005.773512,10.219.6.232,31.145.158.207,tcp,ssl,5.275594,775,4516,0
1761052006.683213,10.219.6.232,10.219.6.60,udp,dns,0.115438,106,150,0
1761052019.415529,10.219.6.232,146.75.1.91,tcp,ssl,0.517629,437,4251,0
1761052020.305221,10.219.6.232,172.217.20.65,tcp,ssl,0.681249,1298,204847,0
1761052022.006965,10.219.6.232,31.145.158.79,tcp,ssl,0.543354,3621,77922,0
1761052019.022969,10.219.6.232,10.219.6.60,udp,dns,0.155313,84,382,0
1761052019.028887,10.219.6.232,10.219.6.60,udp,dns,0.052135,90,266,0
1761052019.051543,10.219.6.232,10.219.6.60,udp,dns,0.189056,94,330,0
1761052019.309863,10.219.6.232,10.219.6.60,udp,dns,0.104477,68,184,0
1761052019.385888,10.219.6.232,10.219.6.60,udp,dns,0.098544,108,344,0
1761052020.255582,10.219.6.232,10.219.6.60,udp,dns,0.048969,86,130,0
1761052020.597379,10.219.6.232,10.219.6.60,udp,dns,0.033822,114,260,0
1761052021.971048,10.219.6.232,10.219.6.60,udp,dns,0.035233,114,260,0
1761052020.632991,10.219.6.232,31.145.158.214,tcp,ssl,6.067527,3520,53461,0
1761052022.549206,10.219.6.232,31.145.158.214,tcp,ssl,4.151196,3519,53462,0
1761051978.071262,0.0.0.0,255.255.255.255,udp,dhcp,0.001492,564,0,0
1761051990.670048,10.219.6.232,34.36.137.203,udp,quic,ssl,0.658758,2163,8375,0
1761051995.880318,10.219.6.232,172.217.17.106,udp,quic,ssl,0.308793,1768,5535,0
1761051996.907894,10.219.6.232,142.250.110.84,udp,quic,ssl,0.740245,3885,14971,0
1761051997.820008,10.219.6.232,142.250.187.98,udp,quic,ssl,0.521210,2435,6309,0
1761051997.619920,10.219.6.232,216.58.212.4,udp,quic,ssl,2.222830,2524,8193,0
1761051999.739149,10.219.6.232,216.58.212.35,udp,quic,ssl,0.535562,3295,6970,0
1761051999.326798,10.219.6.232,142.250.187.99,udp,quic,ssl,1.247895,2987,59463,0
1761052001.637216,10.219.6.232,31.145.158.80,udp,quic,ssl,0.574498,5624,349355,0
1761052001.435755,10.219.6.232,172.217.17.134,udp,quic,ssl,0.331790,1791,5403,0
1761052003.827082,10.219.6.232,31.145.158.78,udp,quic,ssl,0.103350,1627,5581,0
1761052005.662892,10.219.6.232,31.145.158.207,udp,quic,ssl,0.365723,5153,103962,0
1761052058.545584,10.219.6.232,10.219.6.60,udp,dns,0.117562,124,240,0
1761052063.722930,10.219.6.232,31.145.158.214,tcp,ssl,0.087446,687,4515,0
1761052065.374186,10.219.6.232,31.145.158.213,tcp,ssl,0.386733,3644,80970,0
1761052063.792927,10.219.6.232,10.219.6.60,udp,dns,0.051453,58,426,0
1761052063.843939,10.219.6.232,10.219.6.60,udp,dns,0.003779,66,508,0
1761052064.486013,10.219.6.232,10.219.6.60,udp,dns,0.004231,62,202,0
1761052065.347277,10.219.6.232,10.219.6.60,udp,dns,0.026504,114,260,0
1761052071.576060,10.219.6.232,142.250.187.99,tcp,ssl,0.585913,860,3476,0
1761052007.855460,10.219.6.232,142.250.184.142,udp,quic,ssl,9.943336,11427,15412,0
1761052007.058247,10.219.6.232,142.250.184.142,udp,quic,ssl,10.848573,19482,25758,0
1761052019.243149,10.219.6.232,35.190.72.216,udp,quic,ssl,0.373166,1911,4397,0
1761052019.486777,10.219.6.232,35.190.72.216,udp,quic,ssl,0.360472,1904,4434,0
1761051999.809959,10.219.6.232,172.217.17.97,udp,quic,ssl,20.582155,4568,40713,0
1761052070.408896,10.219.6.232,10.219.6.60,udp,dns,0.004446,58,426,0
1761052020.646136,10.219.6.232,172.217.20.65,udp,quic,ssl,0.331981,1714,5402,0
1761051995.833185,10.219.6.232,216.58.212.22,udp,quic,ssl,25.091066,12446,1006052,0
1761051996.903058,10.219.6.232,216.58.212.35,udp,quic,ssl,24.127556,7422,165721,0
1761052071.141013,10.219.6.232,10.219.6.60,udp,dns,0.032058,70,114,0
1761052071.212424,10.219.6.171,10.219.6.255,udp,dns,1.517907,150,0,0
1761052071.473351,10.219.6.232,10.219.6.60,udp,dns,0.042462,66,110,0
1761052072.706981,10.219.6.232,10.219.6.60,udp,dns,0.017290,90,134,0
1761052022.236776,10.219.6.232,31.145.158.79,udp,quic,ssl,1.178565,8370,314393,0
1761051995.513289,10.219.6.232,142.251.140.46,udp,quic,ssl,28.525812,196447,176875,0
1761052038.189652,0.0.0.0,255.255.255.255,udp,dhcp,0.000716,564,0,0
1761052100.587805,10.219.6.232,31.145.158.12,tcp,-,4.074006,0,0,0
1761052100.841272,10.219.6.232,31.145.158.12,tcp,-,4.076466,0,0,0
1761052100.974908,10.219.6.232,31.145.158.12,tcp,-,4.103066,0,0,0
1761052101.099681,10.219.6.232,172.217.20.86,tcp,-,4.074106,0,0,0
1761052101.252560,10.219.6.232,31.145.158.12,tcp,-,4.081372,0,0,0
1761052101.380627,10.219.6.232,172.217.20.86,tcp,-,4.081394,0,0,0
1761052106.102009,10.219.6.232,31.145.158.12,tcp,-,-,-,-,0
1761052106.357992,10.219.6.232,31.145.158.12,tcp,-,2.104229,0,0,0
1761051991.680300,10.219.6.232,142.250.187.163,tcp,http,116.782309,427,909,0
1761051992.320949,10.219.6.232,34.107.221.82,tcp,http,116.142077,310,216,0
1761052106.198212,10.219.6.232,172.217.20.86,tcp,ssl,2.433073,1474,861,0
1761052111.396115,10.219.6.232,173.194.164.10,tcp,ssl,1.299240,3551,53177,0
1761052105.686197,10.219.6.232,31.145.158.12,tcp,ssl,7.966890,775,4514,0
1761051995.702941,10.219.6.232,142.250.187.163,tcp,http,119.980308,1709,4026,0
1761052100.841044,10.219.6.232,10.219.6.60,udp,dns,5.005574,114,0,0
1761052100.587856,10.219.6.232,10.219.6.60,udp,dns,5.001480,228,0,0
1761052113.633599,10.219.6.232,10.219.6.60,udp,dns,0.148153,60,148,0
1761052106.386884,10.219.6.232,10.219.6.60,udp,dns,5.008483,204,236,0
1761052065.715631,10.219.6.232,31.145.158.213,udp,quic,ssl,2.677635,14668,848953,0
1761052070.417719,10.219.6.232,172.217.20.86,udp,quic,ssl,0.305944,2294,20372,0
1761052125.767129,10.219.6.232,216.58.212.4,tcp,ssl,0.390780,859,3440,0
1761052126.070831,10.219.6.232,142.250.187.138,tcp,ssl,0.244401,1986,1442,0
1761052125.989359,10.219.6.232,142.250.187.99,tcp,ssl,0.396001,882,3477,0
1761052064.488326,10.219.6.232,172.217.17.97,udp,quic,ssl,7.030685,3064,38363,0
1761052071.473935,10.219.6.232,142.250.187.99,udp,quic,ssl,0.323801,2303,7982,0
1761052126.328156,10.219.6.232,216.58.212.8,tcp,ssl,0.558350,869,4060,0
1761052072.711599,10.219.6.232,142.250.187.98,udp,quic,ssl,0.284713,3325,5299,0
1761052125.754791,10.219.6.232,10.219.6.60,udp,dns,0.009235,64,108,0
1761052071.143137,10.219.6.232,216.58.212.35,udp,quic,ssl,4.839584,2962,7109,0
1761052125.983318,10.219.6.232,10.219.6.60,udp,dns,0.005320,66,110,0
1761052126.036475,10.219.6.232,10.219.6.60,udp,dns,0.030933,45,61,0
1761052126.037079,10.219.6.232,10.219.6.60,udp,dns,0.004950,70,114,0
1761052126.227694,10.219.6.232,10.219.6.60,udp,dns,0.051878,84,128,0
1761052126.305608,10.219.6.232,10.219.6.60,udp,dns,0.042450,72,116,0
1761052126.540954,10.219.6.232,10.219.6.60,udp,dns,0.071221,92,136,0
1761052126.543109,10.219.6.232,10.219.6.60,udp,dns,0.069052,28,79,0
1761052127.474116,10.219.6.232,10.219.6.60,udp,dns,0.044731,66,110,0
1761052140.224647,10.219.6.232,142.250.187.110,tcp,ssl,0.293156,871,3477,0
1761052140.224454,10.219.6.232,142.250.187.110,tcp,ssl,0.299608,871,3476,0
1761052140.224199,10.219.6.232,142.250.187.110,tcp,ssl,0.299982,871,3477,0
1761052140.223746,10.219.6.232,142.250.187.110,tcp,ssl,0.310451,871,3476,0
1761052126.178438,10.219.6.232,10.219.6.60,udp,dns,5.042126,168,202,0
1761051995.926093,10.219.6.232,216.58.212.22,tcp,ssl,145.460120,987,5357,0
1761052142.914124,10.219.6.232,142.251.140.78,tcp,ssl,0.268331,871,3476,0
1761052142.932427,10.219.6.232,142.250.184.142,tcp,ssl,0.300702,871,3476,0
1761052063.897296,10.219.6.232,31.145.158.79,udp,quic,ssl,24.442961,36800,1818723,0
1761052142.914365,10.219.6.232,142.251.140.78,tcp,ssl,0.587417,1579,25199,0
1761052140.118088,10.219.6.232,10.219.6.60,udp,dns,0.033504,88,132,0
1761052141.662102,10.219.6.232,10.219.6.60,udp,dns,0.004508,66,110,0
1761052141.662296,10.219.6.232,10.219.6.60,udp,dns,0.004306,84,128,0
1761052142.932625,10.219.6.232,142.250.184.142,tcp,ssl,4.106632,2128,30331,0
1761052147.113533,10.219.6.232,172.66.151.168,tcp,ssl,0.735771,1317,87056,0
1761052142.851005,10.219.6.232,10.219.6.60,udp,dns,0.078201,88,132,0
1761052142.853966,10.219.6.232,10.219.6.60,udp,dns,0.059529,88,132,0
1761052147.022328,10.219.6.232,10.219.6.60,udp,dns,0.090307,62,150,0
1761052099.049358,0.0.0.0,255.255.255.255,udp,dhcp,0.000412,564,0,0
1761052063.794339,10.219.6.232,216.58.212.22,udp,quic,ssl,38.393679,14972,656713,0
1761052159.336804,10.219.6.232,142.250.187.110,tcp,-,4.077383,0,0,0
1761052159.601482,10.219.6.232,142.250.187.110,tcp,-,4.100555,0,0,0
1761052159.295999,10.219.6.232,10.219.6.60,udp,dns,0.039488,64,170,0
1761052101.000005,10.219.6.232,172.217.20.86,udp,quic,ssl,8.725041,12670,1357,0
1761051990.947047,10.219.6.232,142.250.187.163,tcp,http,175.251218,6418,14424,0
1761051990.947391,10.219.6.232,142.250.187.163,tcp,http,175.506347,7698,17343,0
1761051996.967340,10.219.6.232,142.250.110.84,tcp,ssl,170.763576,995,4856,0
1761052108.609800,10.219.6.232,31.145.158.12,udp,quic,ssl,4.363138,5929,385282,0
1761051995.536179,10.219.6.232,172.217.169.214,tcp,ssl,172.813022,987,5284,0
1761052113.171898,10.219.6.232,173.194.164.10,udp,quic,ssl,0.236237,1633,5683,0
1761051995.541520,10.219.6.232,216.58.212.35,tcp,ssl,172.873461,993,3553,0
1761051997.881162,10.219.6.232,142.250.187.98,tcp,ssl,170.802751,1003,3805,0
1761052164.725922,10.219.6.232,142.250.187.110,tcp,-,4.068786,0,0,0
1761051990.268377,10.219.6.232,34.36.137.203,tcp,ssl,178.716798,1241,3958,0
1761052164.437999,10.219.6.232,142.250.187.110,tcp,ssl,4.595139,5450,28250,0
1761051991.467141,10.219.6.232,34.107.243.93,tcp,ssl,177.837545,1001,3805,0
1761051990.671414,10.219.6.232,34.36.137.203,tcp,ssl,178.701660,995,5234,0
1761051999.801694,10.219.6.232,216.58.212.35,tcp,ssl,170.914803,993,3539,0
1761051999.860106,10.219.6.232,172.217.17.97,tcp,ssl,170.872183,1434,16266,0
1761051999.380001,10.219.6.232,142.250.187.99,tcp,ssl,171.352752,991,3554,0
1761052001.436143,10.219.6.232,172.217.17.134,tcp,ssl,171.304446,1350,3932,0
1761052168.845197,10.219.6.232,10.219.6.60,udp,dns,0.054163,66,110,0
1761052169.873345,10.219.6.232,10.219.6.60,udp,dns,0.009621,35,51,0
1761052169.873443,10.219.6.232,10.219.6.60,udp,dns,0.013144,88,132,0
1761052175.777713,10.219.6.232,142.250.187.138,tcp,ssl,0.260807,1986,1442,0
1761052063.846204,10.219.6.232,142.251.140.46,udp,quic,ssl,57.540633,169846,199572,0
1761052126.043579,10.219.6.232,172.217.169.195,udp,quic,ssl,0.172946,1502,3479,0
1761052126.617868,10.219.6.232,216.58.212.10,udp,quic,ssl,0.453191,2186,11260,0
1761052177.592772,10.219.6.232,10.219.6.60,udp,dns,0.063459,66,508,0
1761052019.487260,10.219.6.232,35.190.72.216,tcp,ssl,170.696358,1012,3829,0
1761052019.243763,10.219.6.232,35.190.72.216,tcp,ssl,170.940749,1005,3814,0
1761052019.082080,10.219.6.232,151.101.65.91,tcp,ssl,171.109133,975,4709,0
1761052019.179735,10.219.6.232,34.49.51.44,tcp,ssl,171.013597,1293,4200,0
1761051990.738056,10.219.6.232,34.160.144.191,tcp,ssl,199.459677,1078,14999,0
1761052185.456032,10.219.6.232,10.219.6.60,udp,dns,0.039856,56,100,0
1761052185.497480,10.219.6.232,142.251.140.46,tcp,-,5.641723,0,0,0
1761052131.224025,10.219.6.232,216.58.213.98,udp,quic,ssl,10.985726,2258,5540,0
1761052126.281987,10.219.6.232,216.58.212.8,udp,quic,ssl,16.049031,3234,6294,0
1761052193.106000,10.219.6.232,10.219.6.60,udp,dns,0.071883,64,108,0
1761052143.112604,10.219.6.232,142.251.140.78,udp,quic,ssl,0.157085,1667,5149,0
1761052193.343642,10.219.6.232,10.219.6.60,udp,dns,0.025929,56,170,0
1761052146.818146,10.219.6.232,142.250.184.142,udp,quic,ssl,0.881947,5809,12186,0
1761052210.877556,10.219.6.232,216.58.212.8,tcp,ssl,0.638261,1229,118450,0
1761052211.922179,10.219.6.232,216.58.213.110,tcp,ssl,0.330654,869,4061,0
1761052211.798206,10.219.6.232,216.58.213.110,tcp,ssl,0.552445,1797,26220,0
1761052207.724024,10.219.6.232,10.219.6.60,udp,dns,0.004905,33,49,0
1761052207.753233,10.219.6.232,10.219.6.60,udp,dns,0.003301,70,114,0
1761052207.878533,10.219.6.232,10.219.6.60,udp,dns,0.152417,84,160,0
1761052207.922563,10.219.6.232,10.219.6.60,udp,dns,0.005962,84,128,0
1761052159.357304,0.0.0.0,255.255.255.255,udp,dhcp,0.000248,564,0,0
1761052210.468837,10.219.6.232,10.219.6.60,udp,dns,0.172590,56,129,0
1761052210.870554,10.219.6.232,10.219.6.60,udp,dns,0.006225,84,128,0
1761052211.693121,10.219.6.232,10.219.6.60,udp,dns,0.103653,84,128,0
1761052147.622722,10.219.6.232,172.66.151.168,udp,quic,ssl,15.083691,1781,5855,0
1761052168.839454,10.219.6.232,142.250.187.110,udp,quic,ssl,0.194911,1714,7745,0
1761052144.242114,10.219.6.232,172.217.169.195,udp,quic,ssl,25.791000,5257,522525,0
1761052126.619678,10.219.6.232,142.250.187.163,tcp,http,98.715215,855,1821,0
1761052126.297269,10.219.6.232,142.250.187.99,udp,quic,ssl,44.506793,53775,1015017,0
1761052019.416335,10.219.6.232,146.75.1.91,tcp,ssl,209.290578,1295,7659,0
1761052058.665783,10.219.6.232,146.75.1.91,tcp,ssl,170.629165,875,5122,0
1761052112.983693,10.219.6.232,173.194.164.10,tcp,ssl,116.315047,3658,328430,0
1761051991.598920,10.219.6.232,146.75.1.91,tcp,ssl,237.708805,1868,23244,0
1761052177.593140,10.219.6.232,142.251.140.46,udp,quic,ssl,0.308141,6199,3965,0
1761052106.485830,10.219.6.232,172.217.20.86,tcp,ssl,133.847090,1980,13895,0
1761052070.520426,10.219.6.232,172.217.20.86,tcp,ssl,170.769889,987,5284,0
1761052126.619815,10.219.6.232,142.250.187.163,tcp,http,115.674089,427,910,0
1761052071.575767,10.219.6.232,142.250.187.99,tcp,ssl,170.718728,991,3554,0
1761052126.619755,10.219.6.232,142.250.187.163,tcp,http,115.676842,428,911,0
1761052242.628219,10.219.6.232,172.217.17.110,tcp,ssl,0.210490,860,5987,0
1761052244.522824,10.219.6.232,216.58.212.10,tcp,ssl,0.644343,866,3836,0
1761052105.941830,10.219.6.232,31.145.158.12,tcp,ssl,140.353256,1265,5197,0
1761052241.647933,10.219.6.232,10.219.6.60,udp,dns,0.040181,72,116,0
1761052241.695090,10.219.6.232,10.219.6.60,udp,dns,0.003125,92,136,0
1761052241.806650,10.219.6.232,10.219.6.60,udp,dns,0.003481,88,132,0
1761052242.522616,10.219.6.232,10.219.6.60,udp,dns,0.039389,66,508,0
1761052242.681231,10.219.6.232,10.219.6.60,udp,dns,0.025098,66,110,0
1761052193.181160,10.219.6.232,216.58.212.4,udp,quic,ssl,0.318984,1929,8876,0
1761052243.680586,10.219.6.232,10.219.6.60,udp,dns,0.042388,90,134,0
1761052243.681984,10.219.6.232,10.219.6.60,udp,dns,0.041963,80,124,0
1761052243.904766,10.219.6.232,10.219.6.60,udp,dns,0.029759,28,79,0
1761052244.420677,10.219.6.232,10.219.6.60,udp,dns,0.037504,78,414,0
1761052140.152888,10.219.6.232,142.250.187.110,udp,quic,ssl,61.301254,22306,259780,0
1761052207.755102,10.219.6.232,172.217.169.195,udp,quic,ssl,0.281220,1501,3480,0
1761052207.878007,10.219.6.232,216.58.213.98,udp,quic,ssl,0.212733,3210,3356,0
1761052207.924127,10.219.6.232,216.58.212.8,udp,quic,ssl,0.364009,3744,5157,0
1761052126.351202,10.219.6.232,142.250.187.145,udp,quic,ssl,81.829783,13816,10112,0
1761052126.616232,10.219.6.232,216.58.212.10,udp,quic,ssl,81.621558,7881,13737,0
1761052127.522664,10.219.6.232,216.58.212.46,udp,quic,ssl,81.701162,11774,12240,0
1761052211.312157,10.219.6.232,216.58.212.8,udp,quic,ssl,0.449064,2832,139884,0
1761052270.767667,10.219.6.232,31.145.158.12,tcp,-,0.000047,0,0,0
1761052219.854645,0.0.0.0,255.255.255.255,udp,dhcp,0.000358,564,0,0
1761052210.642192,10.219.6.232,193.111.73.21,tcp,ssl,65.483298,2937,27345,0
1761052210.859930,10.219.6.232,193.111.73.21,tcp,ssl,65.276127,1640,55188,0
1761052210.860144,10.219.6.232,193.111.73.21,tcp,ssl,65.300546,1658,26209,0
1761052210.642025,10.219.6.232,193.111.73.21,tcp,ssl,65.525945,2914,53244,0
1761052210.859210,10.219.6.232,193.111.73.21,tcp,ssl,65.567531,2737,74934,0
1761052275.592001,10.219.6.232,10.219.6.60,udp,dns,0.051870,64,108,0
1761052277.475886,10.219.6.232,10.219.6.60,udp,dns,0.049474,70,114,0
1761052210.859699,10.219.6.232,193.111.73.21,tcp,ssl,74.378352,5974,285490,0
1761052072.812409,10.219.6.232,142.250.187.98,tcp,ssl,218.205422,2503,3316,0
1761052113.782855,10.219.6.232,104.18.5.159,tcp,ssl,177.568660,988,3790,0
1761052291.262725,10.219.6.232,157.240.238.35,tcp,ssl,0.391588,857,4326,0
1761052291.752469,10.219.6.232,157.240.238.35,tcp,ssl,0.147525,861,4324,0
1761052291.262905,10.219.6.232,157.240.238.35,tcp,ssl,0.890825,1337,33282,0
1761052292.191209,10.219.6.232,157.240.238.2,tcp,ssl,0.229406,864,4324,0
1761052292.191524,10.219.6.232,157.240.238.2,tcp,ssl,0.232295,864,4326,0
1761052292.190809,10.219.6.232,157.240.238.2,tcp,ssl,0.233061,864,4325,0
1761052292.191343,10.219.6.232,157.240.238.2,tcp,ssl,0.232698,864,4326,0
1761052292.191765,10.219.6.232,157.240.238.2,tcp,ssl,0.234835,864,4325,0
1761052292.191620,10.219.6.232,157.240.238.2,tcp,ssl,0.311876,1252,6868,0
1761052292.201461,10.219.6.232,216.58.214.138,tcp,ssl,0.396861,1986,1442,0
1761052239.402989,10.219.6.232,172.217.169.195,udp,quic,ssl,0.158646,1502,3479,0
1761052212.211284,10.219.6.232,216.58.213.110,udp,quic,ssl,27.356371,3891,6740,0
1761052290.148063,10.219.6.232,10.219.6.60,udp,dns,0.055283,92,192,0
1761052275.645196,10.219.6.232,216.58.213.100,tcp,-,19.800966,0,0,0
1761052291.396621,10.219.6.232,10.219.6.60,udp,dns,0.033131,70,723,0
1761052291.702028,10.219.6.232,10.219.6.60,udp,dns,0.049508,68,194,0
1761052241.653880,10.219.6.232,142.250.187.145,udp,quic,ssl,0.251027,2390,4685,0
1761052241.696438,10.219.6.232,216.58.212.10,udp,quic,ssl,0.262331,2349,3980,0
1761052241.808291,10.219.6.232,142.250.187.110,udp,quic,ssl,0.172815,2799,4622,0
1761052241.805730,10.219.6.232,172.217.169.195,udp,quic,ssl,0.195995,1502,3479,0
1761052281.922322,10.219.6.232,10.219.6.60,udp,dns,5.005887,66,0,0
1761052292.155029,10.219.6.232,10.219.6.60,udp,dns,0.034813,74,419,0
1761052292.173641,10.219.6.232,10.219.6.60,udp,dns,0.026541,45,61,0
1761052126.406262,10.219.6.232,142.250.187.145,tcp,ssl,171.091094,994,4396,0
1761052126.643336,10.219.6.232,216.58.212.10,tcp,ssl,170.858672,1020,9127,0
1761052242.684038,10.219.6.232,216.58.212.46,udp,quic,ssl,0.262047,2441,4073,0
1761052127.576108,10.219.6.232,216.58.212.46,tcp,ssl,170.913961,991,6067,0
1761052243.724581,10.219.6.232,142.250.184.130,udp,quic,ssl,0.358918,2370,6376,0
1761052243.727652,10.219.6.232,142.251.140.70,udp,quic,ssl,0.171855,1910,3690,0
1761052244.460316,10.219.6.232,216.58.212.10,udp,quic,ssl,0.414563,4173,6260,0
1761052242.567477,10.219.6.232,172.217.17.110,udp,quic,ssl,3.832744,19248,1006841,0
1761052286.255552,10.219.6.232,10.219.6.60,udp,dns,5.006495,120,104,0
1761052185.496969,10.219.6.232,142.251.140.46,tcp,http,116.083041,330,965,0
1761052297.484993,10.219.6.232,10.219.6.60,udp,dns,0.029104,32,48,0
1761052131.225405,10.219.6.232,216.58.213.98,tcp,ssl,171.354323,1455,3990,0
1761052303.326356,10.219.6.232,10.219.6.60,udp,dns,0.010935,66,690,0
1761052193.370397,10.219.6.232,142.250.187.163,tcp,http,115.674253,427,910,0
1761052140.224822,10.219.6.232,142.250.187.110,tcp,ssl,170.846508,1002,3554,0
1761052208.025088,10.219.6.232,216.58.212.8,tcp,ssl,103.896244,2262,1415,0
1761052141.667695,10.219.6.232,142.250.187.99,tcp,ssl,170.383030,991,3554,0
1761052141.667906,10.219.6.232,216.58.212.8,tcp,ssl,170.383040,1000,4139,0
1761052144.351866,10.219.6.232,172.217.169.195,tcp,ssl,170.719739,993,3555,0
1761052316.950088,10.219.6.232,31.145.158.12,tcp,-,0.000053,0,0,0
1761052277.479727,10.219.6.232,172.217.169.195,udp,quic,ssl,0.158869,1502,3479,0
1761052277.527945,10.219.6.232,172.217.17.113,udp,quic,ssl,0.299454,2352,4702,0
1761052277.757982,10.219.6.232,216.58.212.10,udp,quic,ssl,0.277371,2392,3936,0
1761052278.750934,10.219.6.232,172.217.169.174,udp,quic,ssl,0.251281,2509,3950,0
1761052280.397838,0.0.0.0,255.255.255.255,udp,dhcp,0.000206,564,0,0
1761052168.900144,10.219.6.232,172.217.20.67,tcp,ssl,170.635276,991,3554,0
1761052290.204371,10.219.6.232,34.36.137.203,udp,quic,ssl,0.292149,1882,5657,0
1761052292.097981,10.219.6.232,157.240.238.35,udp,quic,ssl,0.101546,1837,5648,0
1761052292.332313,10.219.6.232,157.240.238.2,udp,quic,ssl,0.677699,11378,429831,0
1761052125.766235,10.219.6.232,216.58.212.4,udp,quic,ssl,169.601098,520751,4569419,0
1761052291.699245,10.219.6.232,157.240.238.35,udp,quic,ssl,5.082467,18758,14124,0
1761052169.884825,10.219.6.232,172.217.169.195,tcp,ssl,185.974334,1589,939,0
1761052169.887929,10.219.6.232,142.250.187.110,tcp,ssl,186.492675,1002,3554,0
1761052303.327577,10.219.6.232,172.217.17.110,udp,quic,ssl,0.263186,3805,3874,0
1761052243.935587,10.219.6.232,172.217.17.131,tcp,http,115.598067,427,910,0
1761052243.904549,10.219.6.232,142.250.187.163,tcp,http,116.625724,855,1821,0
1761052193.206908,10.219.6.232,216.58.212.4,tcp,ssl,170.446855,990,3519,0
1761052364.038168,10.219.6.232,10.219.6.60,udp,dns,0.026297,90,134,0
1761052368.531128,127.0.0.1,127.0.0.1,udp,dns,-,-,-,0
1761052368.531431,127.0.0.1,127.0.0.1,udp,dns,-,-,-,0
1761052368.531705,127.0.0.1,127.0.0.1,udp,dns,-,-,-,0
1761052368.531771,127.0.0.1,127.0.0.1,udp,dns,-,-,-,0
1761052368.533893,127.0.0.1,127.0.0.1,udp,dns,-,-,-,0
1761052368.533912,127.0.0.1,127.0.0.1,udp,dns,-,-,-,0
1761052368.534715,127.0.0.1,127.0.0.1,udp,dns,-,-,-,0
1761052368.534731,127.0.0.1,127.0.0.1,udp,dns,-,-,-,0
1761052368.534976,127.0.0.1,127.0.0.1,udp,dns,-,-,-,0
1761052368.534990,127.0.0.1,127.0.0.1,udp,dns,-,-,-,0
1761052368.535068,127.0.0.1,127.0.0.1,udp,dns,-,-,-,0
1761052368.535121,127.0.0.1,127.0.0.1,udp,dns,-,-,-,0
1761052368.535606,127.0.0.1,127.0.0.1,udp,dns,-,-,-,0
1761052368.535620,127.0.0.1,127.0.0.1,udp,dns,-,-,-,0
1761052368.535973,127.0.0.1,127.0.0.1,udp,dns,-,-,-,0
1761052368.535993,127.0.0.1,127.0.0.1,udp,dns,-,-,-,0
1761052368.537878,127.0.0.1,127.0.0.1,udp,dns,-,-,-,0
1761052368.537894,127.0.0.1,127.0.0.1,udp,dns,-,-,-,0
1761052368.538482,127.0.0.1,127.0.0.1,udp,dns,-,-,-,0
1761052368.538496,127.0.0.1,127.0.0.1,udp,dns,-,-,-,0
1761052368.565784,127.0.0.1,127.0.0.1,udp,dns,-,-,-,0
1761052368.565803,127.0.0.1,127.0.0.1,udp,dns,-,-,-,0
1761052368.566064,127.0.0.1,127.0.0.1,udp,dns,-,-,-,0
1761052368.566079,127.0.0.1,127.0.0.1,udp,dns,-,-,-,0
1761052372.470109,127.0.0.1,127.0.0.1,udp,dns,-,-,-,0
1761052372.470129,127.0.0.1,127.0.0.1,udp,dns,-,-,-,0
1761052372.470388,127.0.0.1,127.0.0.1,udp,dns,-,-,-,0
1761052372.470404,127.0.0.1,127.0.0.1,udp,dns,-,-,-,0
1761052338.295814,10.219.6.232,62.12.173.11,udp,ntp,0.069444,48,48,0
1761052341.311600,fe80::c7d6:2410:7624:dff8,ff02::2,icmp,-,-,-,-,0
1761052403.641753,127.0.0.1,127.0.0.1,udp,dns,-,-,-,0
1761052403.641772,127.0.0.1,127.0.0.1,udp,dns,-,-,-,0
1761052403.642525,127.0.0.1,127.0.0.1,udp,dns,-,-,-,0
1761052403.642571,127.0.0.1,127.0.0.1,udp,dns,-,-,-,0
1761052407.061451,127.0.0.1,127.0.0.1,udp,dns,-,-,-,0
1761052407.061472,127.0.0.1,127.0.0.1,udp,dns,-,-,-,0
1761052407.061812,127.0.0.1,127.0.0.1,udp,dns,-,-,-,0
1761052407.061828,127.0.0.1,127.0.0.1,udp,dns,-,-,-,0
1761052292.191694,10.219.6.232,157.240.238.2,tcp,ssl,123.817912,1989,373628,0
1761052415.993066,10.219.6.232,172.217.17.238,tcp,ssl,1.017069,1593,6160,0
1761052415.992377,10.219.6.232,34.107.243.93,tcp,ssl,1.023811,962,3766,0
1761052415.989043,10.219.6.232,216.58.213.110,tcp,ssl,1.031672,1449,6160,0
1761052364.069356,10.219.6.232,142.250.184.130,udp,quic,ssl,0.320559,2100,6108,0
1761052414.209880,127.0.0.1,127.0.0.1,udp,dns,-,-,-,0
1761052414.209979,127.0.0.1,127.0.0.1,udp,dns,-,-,-,0
1761052414.210019,127.0.0.1,127.0.0.1,udp,dns,-,-,-,0
1761052414.210063,127.0.0.1,127.0.0.1,udp,dns,-,-,-,0
1761052414.211128,127.0.0.1,127.0.0.1,udp,dns,-,-,-,0
1761052414.211149,127.0.0.1,127.0.0.1,udp,dns,-,-,-,0
1761052414.211423,127.0.0.1,127.0.0.1,udp,dns,-,-,-,0
1761052414.211441,127.0.0.1,127.0.0.1,udp,dns,-,-,-,0
1761052415.943924,10.219.6.232,10.219.6.60,udp,dns,0.039438,62,151,0
1761052415.944099,10.219.6.232,10.219.6.60,udp,dns,0.040505,29,93,0
1761052415.944139,10.219.6.232,10.219.6.60,udp,dns,0.165191,58,234,0
1761052415.944246,10.219.6.232,10.219.6.60,udp,dns,0.041415,42,156,0
1761052415.944270,10.219.6.232,10.219.6.60,udp,dns,0.044889,84,324,0
1761052415.944292,10.219.6.232,10.219.6.60,udp,dns,0.044246,66,508,0
1761052415.944362,10.219.6.232,10.219.6.60,udp,dns,0.045852,86,186,0
1761052415.946811,10.219.6.232,10.219.6.60,udp,dns,0.045981,66,492,0
1761052415.983815,10.219.6.232,10.219.6.60,udp,dns,0.009000,62,94,0
1761052415.984919,10.219.6.232,10.219.6.60,udp,dns,0.008389,29,93,0
1761052415.985849,10.219.6.232,10.219.6.60,udp,dns,0.008623,42,156,0
1761052416.109812,10.219.6.232,10.219.6.60,udp,dns,0.003962,58,234,0
1761052416.948351,10.219.6.232,10.219.6.60,udp,dns,0.006132,29,93,0
1761052416.948728,10.219.6.232,10.219.6.60,udp,dns,0.008100,58,234,0
1761052416.950564,10.219.6.232,10.219.6.60,udp,dns,0.006290,62,94,0
1761052416.951992,10.219.6.232,10.219.6.60,udp,dns,0.005319,84,324,0
1761052417.712675,10.219.6.232,10.219.6.60,udp,dns,0.005878,33,310,0
1761052297.516210,10.219.6.232,142.250.184.132,tcp,ssl,132.660075,3356,2055,0
1761051991.618042,10.219.6.232,34.107.243.93,tcp,ssl,438.628997,2151,1266,0
1761052303.427746,10.219.6.232,172.217.17.110,tcp,ssl,126.829394,1587,939,0
1761052243.784627,10.219.6.232,142.250.184.130,tcp,ssl,188.488154,1392,4424,0
1761052290.258089,10.219.6.232,34.36.137.203,tcp,ssl,142.055860,1580,939,0
1761052243.784861,10.219.6.232,142.251.140.70,tcp,ssl,188.535441,1037,3805,0
1761052207.978320,10.219.6.232,216.58.213.98,tcp,ssl,230.467405,2248,1566,0
1761052241.907787,10.219.6.232,142.250.187.110,tcp,ssl,196.540211,2059,2973,0
1761052207.723470,10.219.6.232,142.250.187.99,tcp,ssl,234.847120,1443,3593,0
1761052413.258081,::,ff02::16,icmp,-,0.300078,40,0,0
1761052413.909927,::,ff02::1:ff24:dff8,icmp,-,0.001022,48,0,0
1761052368.531641,127.0.0.1,127.0.0.1,icmp,-,45.679802,2756,0,0
1761052414.934571,fe80::c7d6:2410:7624:dff8,ff02::16,icmp,-,0.799399,40,0,0
1761052340.503121,0.0.0.0,255.255.255.255,udp,dhcp,74.752062,5820,0,0
1761052367.602009,10.219.6.60,255.255.255.255,udp,dhcp,47.664325,948,0,0
1761052468.129164,10.219.6.232,10.219.6.60,udp,dns,0.006074,32,48,0
1761052516.058758,10.219.6.232,142.250.184.132,tcp,ssl,0.587346,2058,23819,0
1761052515.610372,10.219.6.232,216.58.213.110,tcp,ssl,1.044039,2002,7838,0
1761052515.525146,10.219.6.232,10.219.6.60,udp,dns,0.083266,56,100,0
1761052516.029372,10.219.6.232,10.219.6.60,udp,dns,0.028504,64,108,0
1761052415.021023,fe80::c7d6:2410:7624:dff8,ff02::2,icmp,-,59.700031,0,0,0
1761052415.994592,10.219.6.232,34.107.221.82,tcp,http,117.895921,620,432,0
1761052558.364058,10.219.6.232,88.198.248.254,tcp,ssl,0.365561,835,3866,0
1761052558.119331,10.219.6.232,10.219.6.60,udp,dns,0.243484,68,188,0
1761052291.431261,10.219.6.232,23.196.96.159,tcp,http,299.665358,431,726,0
1761052291.431496,10.219.6.232,23.196.96.159,tcp,http,299.665200,862,1452,0
1761052417.719185,10.219.6.232,142.250.187.142,tcp,ssl,173.424776,4947,1316,0
1761052537.146325,fe80::c7d6:2410:7624:dff8,ff02::2,icmp,-,-,-,-,0
1761052126.328525,10.219.6.232,216.58.212.8,tcp,ssl,171.169963,1000,1713509376,0
1761052573.117060,10.219.6.171,10.219.6.255,udp,-,-,-,-,0
1761052634.760569,10.219.6.232,91.195.240.94,tcp,ssl,0.407194,2038,27526,0
1761052634.565397,10.219.6.232,10.219.6.60,udp,dns,0.194617,60,144,0
1761052468.136903,10.219.6.232,142.250.184.132,tcp,ssl,173.077646,2237,4086,0
1761052648.037086,10.219.6.171,10.219.6.255,udp,dns,1.505671,150,0,0
1761052668.044498,10.219.6.232,192.0.33.8,tcp,ssl,1.054128,2034,12863,0
1761052667.624105,10.219.6.232,10.219.6.60,udp,dns,0.419461,60,174,0
1761052684.644663,10.219.6.232,88.198.248.254,tcp,ssl,0.198514,1710,3655,0
1761052684.639803,10.219.6.232,10.219.6.60,udp,dns,0.004289,68,188,0
1761052658.707967,fe80::c7d6:2410:7624:dff8,ff02::2,icmp,-,-,-,-,0
1761052710.787392,10.219.6.232,10.219.6.60,udp,dns,0.043998,51,83,0
1761052712.777020,10.219.6.232,10.219.6.60,udp,dns,0.003449,32,48,0
1761052728.235146,10.219.6.232,88.198.248.254,tcp,ssl,0.168402,1710,3655,0
1761052728.230318,10.219.6.232,10.219.6.60,udp,dns,0.004607,68,188,0
1761052730.002646,10.219.6.232,10.219.6.60,udp,dns,0.048829,33,326,0
1761052747.704347,10.219.6.232,88.198.248.254,tcp,ssl,0.196864,1710,3655,0
1761052747.698415,10.219.6.232,10.219.6.60,udp,dns,0.005651,68,188,0
1761052787.988885,10.219.6.232,23.196.96.159,tcp,-,3.594751,1543330840,1984598459,0
1761052787.988887,10.219.6.232,23.196.96.159,tcp,-,3.854006,1698748588,1039909977,0
1761052835.406662,10.219.6.232,150.171.22.12,tcp,http,0.243511,76,396,0
1761052835.318688,10.219.6.232,10.219.6.60,udp,dns,0.086534,60,104,0
1761052862.476839,10.219.6.232,10.219.6.60,udp,dns,0.121292,52,189,0
1761052882.729204,10.219.6.232,150.171.22.12,tcp,http,0.324814,76,396,0
1761052712.782298,10.219.6.232,216.58.214.132,tcp,ssl,171.142752,3893,1507,0
1761052882.701021,10.219.6.232,10.219.6.60,udp,dns,0.027781,60,104,0
1761052884.044725,10.219.6.232,10.219.6.60,udp,dns,0.050066,32,48,0
1761052730.052601,10.219.6.232,216.58.214.142,tcp,ssl,171.147436,5108,1316,0
1761052906.448372,10.219.6.232,52.22.130.113,tcp,http,0.428806,173,337,0
1761052906.412333,10.219.6.232,10.219.6.60,udp,dns,0.034986,58,175,0
1761052927.326899,10.219.6.232,34.233.209.126,tcp,http,0.420772,162,337,0
1761052927.323058,10.219.6.232,10.219.6.60,udp,dns,0.003535,58,90,0
1761052939.732472,10.219.6.232,52.22.130.113,tcp,http,0.409307,78,337,0
1761052939.765510,10.219.6.232,23.215.0.138,tcp,http,0.435014,75,775,0
1761052939.891534,10.219.6.232,23.220.75.235,tcp,http,0.593793,75,775,0
1761052939.725279,10.219.6.232,10.219.6.60,udp,dns,0.165556,58,636,0
1761052939.725448,10.219.6.232,10.219.6.60,udp,dns,0.039715,58,322,0
1761052939.727859,10.219.6.232,10.219.6.60,udp,dns,0.004097,58,90,0
1761052890.590514,fe80::c7d6:2410:7624:dff8,ff02::2,icmp,-,-,-,-,0
1761052884.095813,10.219.6.232,142.251.140.4,tcp,ssl,59.797878,3739,1468,0
1761052416.171649,10.219.6.232,34.107.243.93,tcp,ssl,300.590620,2131,1239,0
1761051941.901729,10.219.6.171,10.219.6.255,udp,dns,1.508355,150,0,0
1761051917.484960,0.0.0.0,255.255.255.255,udp,dhcp,0.000301,564,0,0
1761051991.498076,10.219.6.232,216.58.213.106,tcp,ssl,0.587693,1553,9421,0
1761051992.344227,10.219.6.232,146.75.1.91,tcp,ssl,0.291624,458,3424,0
1761051990.212396,10.219.6.232,10.219.6.60,udp,dns,0.053506,92,192,0
1761051990.406560,10.219.6.232,10.219.6.60,udp,dns,0.254447,74,323,0
1761051995.481688,10.219.6.232,142.251.140.46,tcp,-,0.025785,0,0,0
1761051990.675986,10.219.6.232,10.219.6.60,udp,dns,0.054377,106,296,0
1761051990.908302,10.219.6.232,10.219.6.60,udp,dns,0.037651,56,170,0
1761051991.418816,10.219.6.232,10.219.6.60,udp,dns,0.045958,86,186,0
1761051991.458548,10.219.6.232,10.219.6.60,udp,dns,0.038860,90,134,0
1761051991.569416,10.219.6.232,10.219.6.60,udp,dns,0.028488,110,226,0
1761051991.668686,10.219.6.232,10.219.6.60,udp,dns,0.007865,56,170,0
1761051995.122978,10.219.6.232,142.251.140.46,tcp,ssl,1.624558,1432,113851,0
1761051992.257373,10.219.6.232,10.219.6.60,udp,dns,0.199791,58,234,0
1761051992.258034,10.219.6.232,10.219.6.60,udp,dns,0.050466,29,93,0
1761051992.261456,10.219.6.232,10.219.6.60,udp,dns,0.055204,62,151,0
1761051992.262694,10.219.6.232,10.219.6.60,udp,dns,0.057094,42,156,0
1761051992.309106,10.219.6.232,10.219.6.60,udp,dns,0.050248,84,324,0
1761051995.072349,10.219.6.232,10.219.6.60,udp,dns,0.049406,66,508,0
1761051999.860446,10.219.6.232,172.217.17.97,tcp,ssl,0.454398,858,8775,0
1761051999.876580,10.219.6.232,172.217.17.97,tcp,ssl,0.453859,858,8776,0
1761051995.505627,10.219.6.232,10.219.6.60,udp,dns,0.033404,70,114,0
1761051995.506650,10.219.6.232,10.219.6.60,udp,dns,0.028428,58,426,0
1761051995.827328,10.219.6.232,10.219.6.60,udp,dns,0.003393,58,426,0
1761051995.841962,10.219.6.232,10.219.6.60,udp,dns,0.037002,76,120,0
1761051996.867833,10.219.6.232,10.219.6.60,udp,dns,0.033686,74,118,0
1761051996.890685,10.219.6.232,10.219.6.60,udp,dns,0.003029,70,114,0
1761051997.574182,10.219.6.232,10.219.6.60,udp,dns,0.042518,64,108,0
1761051997.780705,10.219.6.232,10.219.6.60,udp,dns,0.035826,90,134,0
1761051999.279453,10.219.6.232,10.219.6.60,udp,dns,0.046201,66,110,0
1761051999.700531,10.219.6.232,10.219.6.60,udp,dns,0.037110,70,114,0
1761051999.757473,10.219.6.232,10.219.6.60,udp,dns,0.050358,62,202,0
1761052003.639403,10.219.6.232,31.145.158.78,tcp,ssl,1.630850,4284,741274,0
1761052001.211326,10.219.6.232,10.219.6.60,udp,dns,0.221995,80,124,0
1761052001.599815,10.219.6.232,10.219.6.60,udp,dns,0.036484,114,260,0
1761052001.714880,10.219.6.232,31.145.158.80,tcp,ssl,5.287358,775,4516,0
1761052006.799532,10.219.6.232,142.250.184.142,tcp,ssl,0.442489,1708,6872,0
1761052002.487484,10.219.6.232,10.219.6.60,udp,dns,0.049237,114,260,0
1761052002.828881,10.219.6.232,10.219.6.60,udp,dns,0.057945,114,260,0
1761052006.799896,10.219.6.232,142.250.184.142,tcp,ssl,1.241961,1588,6995,0
1761052003.178908,10.219.6.232,10.219.6.60,udp,dns,0.066238,114,260,0
1761052003.581509,10.219.6.232,10.219.6.60,udp,dns,0.052822,114,260,0
1761052005.773512,10.219.6.232,31.145.158.207,tcp,ssl,5.275594,775,4516,0
1761052006.683213,10.219.6.232,10.219.6.60,udp,dns,0.115438,106,150,0
1761052019.415529,10.219.6.232,146.75.1.91,tcp,ssl,0.517629,437,4251,0
1761052020.305221,10.219.6.232,172.217.20.65,tcp,ssl,0.681249,1298,204847,0
1761052022.006965,10.219.6.232,31.145.158.79,tcp,ssl,0.543354,3621,77922,0
1761052019.022969,10.219.6.232,10.219.6.60,udp,dns,0.155313,84,382,0
1761052019.028887,10.219.6.232,10.219.6.60,udp,dns,0.052135,90,266,0
1761052019.051543,10.219.6.232,10.219.6.60,udp,dns,0.189056,94,330,0
1761052019.309863,10.219.6.232,10.219.6.60,udp,dns,0.104477,68,184,0
1761052019.385888,10.219.6.232,10.219.6.60,udp,dns,0.098544,108,344,0
1761052020.255582,10.219.6.232,10.219.6.60,udp,dns,0.048969,86,130,0
1761052020.597379,10.219.6.232,10.219.6.60,udp,dns,0.033822,114,260,0
1761052021.971048,10.219.6.232,10.219.6.60,udp,dns,0.035233,114,260,0
1761052020.632991,10.219.6.232,31.145.158.214,tcp,ssl,6.067527,3520,53461,0
1761052022.549206,10.219.6.232,31.145.158.214,tcp,ssl,4.151196,3519,53462,0
1761051978.071262,0.0.0.0,255.255.255.255,udp,dhcp,0.001492,564,0,0
1761051990.670048,10.219.6.232,34.36.137.203,udp,quic,ssl,0.658758,2163,8375,0
1761051995.880318,10.219.6.232,172.217.17.106,udp,quic,ssl,0.308793,1768,5535,0
1761051996.907894,10.219.6.232,142.250.110.84,udp,quic,ssl,0.740245,3885,14971,0
1761051997.820008,10.219.6.232,142.250.187.98,udp,quic,ssl,0.521210,2435,6309,0
1761051997.619920,10.219.6.232,216.58.212.4,udp,quic,ssl,2.222830,2524,8193,0
1761051999.739149,10.219.6.232,216.58.212.35,udp,quic,ssl,0.535562,3295,6970,0
1761051999.326798,10.219.6.232,142.250.187.99,udp,quic,ssl,1.247895,2987,59463,0
1761052001.637216,10.219.6.232,31.145.158.80,udp,quic,ssl,0.574498,5624,349355,0
1761052001.435755,10.219.6.232,172.217.17.134,udp,quic,ssl,0.331790,1791,5403,0
1761052003.827082,10.219.6.232,31.145.158.78,udp,quic,ssl,0.103350,1627,5581,0
1761052005.662892,10.219.6.232,31.145.158.207,udp,quic,ssl,0.365723,5153,103962,0
1761052058.545584,10.219.6.232,10.219.6.60,udp,dns,0.117562,124,240,0
1761052063.722930,10.219.6.232,31.145.158.214,tcp,ssl,0.087446,687,4515,0
1761052065.374186,10.219.6.232,31.145.158.213,tcp,ssl,0.386733,3644,80970,0
1761052063.792927,10.219.6.232,10.219.6.60,udp,dns,0.051453,58,426,0
1761052063.843939,10.219.6.232,10.219.6.60,udp,dns,0.003779,66,508,0
1761052064.486013,10.219.6.232,10.219.6.60,udp,dns,0.004231,62,202,0
1761052065.347277,10.219.6.232,10.219.6.60,udp,dns,0.026504,114,260,0
1761052071.576060,10.219.6.232,142.250.187.99,tcp,ssl,0.585913,860,3476,0
1761052007.855460,10.219.6.232,142.250.184.142,udp,quic,ssl,9.943336,11427,15412,0
1761052007.058247,10.219.6.232,142.250.184.142,udp,quic,ssl,10.848573,19482,25758,0
1761052019.243149,10.219.6.232,35.190.72.216,udp,quic,ssl,0.373166,1911,4397,0
1761052019.486777,10.219.6.232,35.190.72.216,udp,quic,ssl,0.360472,1904,4434,0
1761051999.809959,10.219.6.232,172.217.17.97,udp,quic,ssl,20.582155,4568,40713,0
1761052070.408896,10.219.6.232,10.219.6.60,udp,dns,0.004446,58,426,0
1761052020.646136,10.219.6.232,172.217.20.65,udp,quic,ssl,0.331981,1714,5402,0
1761051995.833185,10.219.6.232,216.58.212.22,udp,quic,ssl,25.091066,12446,1006052,0
1761051996.903058,10.219.6.232,216.58.212.35,udp,quic,ssl,24.127556,7422,165721,0
1761052071.141013,10.219.6.232,10.219.6.60,udp,dns,0.032058,70,114,0
1761052071.212424,10.219.6.171,10.219.6.255,udp,dns,1.517907,150,0,0
1761052071.473351,10.219.6.232,10.219.6.60,udp,dns,0.042462,66,110,0
1761052072.706981,10.219.6.232,10.219.6.60,udp,dns,0.017290,90,134,0
1761052022.236776,10.219.6.232,31.145.158.79,udp,quic,ssl,1.178565,8370,314393,0
1761051995.513289,10.219.6.232,142.251.140.46,udp,quic,ssl,28.525812,196447,176875,0
1761052038.189652,0.0.0.0,255.255.255.255,udp,dhcp,0.000716,564,0,0
1761052100.587805,10.219.6.232,31.145.158.12,tcp,-,4.074006,0,0,0
1761052100.841272,10.219.6.232,31.145.158.12,tcp,-,4.076466,0,0,0
1761052100.974908,10.219.6.232,31.145.158.12,tcp,-,4.103066,0,0,0
1761052101.099681,10.219.6.232,172.217.20.86,tcp,-,4.074106,0,0,0
1761052101.252560,10.219.6.232,31.145.158.12,tcp,-,4.081372,0,0,0
1761052101.380627,10.219.6.232,172.217.20.86,tcp,-,4.081394,0,0,0
1761052106.102009,10.219.6.232,31.145.158.12,tcp,-,-,-,-,0
1761052106.357992,10.219.6.232,31.145.158.12,tcp,-,2.104229,0,0,0
1761051991.680300,10.219.6.232,142.250.187.163,tcp,http,116.782309,427,909,0
1761051992.320949,10.219.6.232,34.107.221.82,tcp,http,116.142077,310,216,0
1761052106.198212,10.219.6.232,172.217.20.86,tcp,ssl,2.433073,1474,861,0
1761052111.396115,10.219.6.232,173.194.164.10,tcp,ssl,1.299240,3551,53177,0
1761052105.686197,10.219.6.232,31.145.158.12,tcp,ssl,7.966890,775,4514,0
1761051995.702941,10.219.6.232,142.250.187.163,tcp,http,119.980308,1709,4026,0
1761052100.841044,10.219.6.232,10.219.6.60,udp,dns,5.005574,114,0,0
1761052100.587856,10.219.6.232,10.219.6.60,udp,dns,5.001480,228,0,0
1761052113.633599,10.219.6.232,10.219.6.60,udp,dns,0.148153,60,148,0
1761052106.386884,10.219.6.232,10.219.6.60,udp,dns,5.008483,204,236,0
1761052065.715631,10.219.6.232,31.145.158.213,udp,quic,ssl,2.677635,14668,848953,0
1761052070.417719,10.219.6.232,172.217.20.86,udp,quic,ssl,0.305944,2294,20372,0
1761052125.767129,10.219.6.232,216.58.212.4,tcp,ssl,0.390780,859,3440,0
1761052126.070831,10.219.6.232,142.250.187.138,tcp,ssl,0.244401,1986,1442,0
1761052125.989359,10.219.6.232,142.250.187.99,tcp,ssl,0.396001,882,3477,0
1761052064.488326,10.219.6.232,172.217.17.97,udp,quic,ssl,7.030685,3064,38363,0
1761052071.473935,10.219.6.232,142.250.187.99,udp,quic,ssl,0.323801,2303,7982,0
1761052126.328156,10.219.6.232,216.58.212.8,tcp,ssl,0.558350,869,4060,0
1761052072.711599,10.219.6.232,142.250.187.98,udp,quic,ssl,0.284713,3325,5299,0
1761052125.754791,10.219.6.232,10.219.6.60,udp,dns,0.009235,64,108,0
1761052071.143137,10.219.6.232,216.58.212.35,udp,quic,ssl,4.839584,2962,7109,0
1761052125.983318,10.219.6.232,10.219.6.60,udp,dns,0.005320,66,110,0
1761052126.036475,10.219.6.232,10.219.6.60,udp,dns,0.030933,45,61,0
1761052126.037079,10.219.6.232,10.219.6.60,udp,dns,0.004950,70,114,0
1761052126.227694,10.219.6.232,10.219.6.60,udp,dns,0.051878,84,128,0
1761052126.305608,10.219.6.232,10.219.6.60,udp,dns,0.042450,72,116,0
1761052126.540954,10.219.6.232,10.219.6.60,udp,dns,0.071221,92,136,0
1761052126.543109,10.219.6.232,10.219.6.60,udp,dns,0.069052,28,79,0
1761052127.474116,10.219.6.232,10.219.6.60,udp,dns,0.044731,66,110,0
1761052140.224647,10.219.6.232,142.250.187.110,tcp,ssl,0.293156,871,3477,0
1761052140.224454,10.219.6.232,142.250.187.110,tcp,ssl,0.299608,871,3476,0
1761052140.224199,10.219.6.232,142.250.187.110,tcp,ssl,0.299982,871,3477,0
1761052140.223746,10.219.6.232,142.250.187.110,tcp,ssl,0.310451,871,3476,0
1761052126.178438,10.219.6.232,10.219.6.60,udp,dns,5.042126,168,202,0
1761051995.926093,10.219.6.232,216.58.212.22,tcp,ssl,145.460120,987,5357,0
1761052142.914124,10.219.6.232,142.251.140.78,tcp,ssl,0.268331,871,3476,0
1761052142.932427,10.219.6.232,142.250.184.142,tcp,ssl,0.300702,871,3476,0
1761052063.897296,10.219.6.232,31.145.158.79,udp,quic,ssl,24.442961,36800,1818723,0
1761052142.914365,10.219.6.232,142.251.140.78,tcp,ssl,0.587417,1579,25199,0
1761052140.118088,10.219.6.232,10.219.6.60,udp,dns,0.033504,88,132,0
1761052141.662102,10.219.6.232,10.219.6.60,udp,dns,0.004508,66,110,0
1761052141.662296,10.219.6.232,10.219.6.60,udp,dns,0.004306,84,128,0
1761052142.932625,10.219.6.232,142.250.184.142,tcp,ssl,4.106632,2128,30331,0
1761052147.113533,10.219.6.232,172.66.151.168,tcp,ssl,0.735771,1317,87056,0
1761052142.851005,10.219.6.232,10.219.6.60,udp,dns,0.078201,88,132,0
1761052142.853966,10.219.6.232,10.219.6.60,udp,dns,0.059529,88,132,0
1761052147.022328,10.219.6.232,10.219.6.60,udp,dns,0.090307,62,150,0
1761052099.049358,0.0.0.0,255.255.255.255,udp,dhcp,0.000412,564,0,0
1761052063.794339,10.219.6.232,216.58.212.22,udp,quic,ssl,38.393679,14972,656713,0
1761052159.336804,10.219.6.232,142.250.187.110,tcp,-,4.077383,0,0,0
1761052159.601482,10.219.6.232,142.250.187.110,tcp,-,4.100555,0,0,0
1761052159.295999,10.219.6.232,10.219.6.60,udp,dns,0.039488,64,170,0
1761052101.000005,10.219.6.232,172.217.20.86,udp,quic,ssl,8.725041,12670,1357,0
1761051990.947047,10.219.6.232,142.250.187.163,tcp,http,175.251218,6418,14424,0
1761051990.947391,10.219.6.232,142.250.187.163,tcp,http,175.506347,7698,17343,0
1761051996.967340,10.219.6.232,142.250.110.84,tcp,ssl,170.763576,995,4856,0
1761052108.609800,10.219.6.232,31.145.158.12,udp,quic,ssl,4.363138,5929,385282,0
1761051995.536179,10.219.6.232,172.217.169.214,tcp,ssl,172.813022,987,5284,0
1761052113.171898,10.219.6.232,173.194.164.10,udp,quic,ssl,0.236237,1633,5683,0
1761051995.541520,10.219.6.232,216.58.212.35,tcp,ssl,172.873461,993,3553,0
1761051997.881162,10.219.6.232,142.250.187.98,tcp,ssl,170.802751,1003,3805,0
1761052164.725922,10.219.6.232,142.250.187.110,tcp,-,4.068786,0,0,0
1761051990.268377,10.219.6.232,34.36.137.203,tcp,ssl,178.716798,1241,3958,0
1761052164.437999,10.219.6.232,142.250.187.110,tcp,ssl,4.595139,5450,28250,0
1761051991.467141,10.219.6.232,34.107.243.93,tcp,ssl,177.837545,1001,3805,0
1761051990.671414,10.219.6.232,34.36.137.203,tcp,ssl,178.701660,995,5234,0
1761051999.801694,10.219.6.232,216.58.212.35,tcp,ssl,170.914803,993,3539,0
1761051999.860106,10.219.6.232,172.217.17.97,tcp,ssl,170.872183,1434,16266,0
1761051999.380001,10.219.6.232,142.250.187.99,tcp,ssl,171.352752,991,3554,0
1761052001.436143,10.219.6.232,172.217.17.134,tcp,ssl,171.304446,1350,3932,0
1761052168.845197,10.219.6.232,10.219.6.60,udp,dns,0.054163,66,110,0
1761052169.873345,10.219.6.232,10.219.6.60,udp,dns,0.009621,35,51,0
1761052169.873443,10.219.6.232,10.219.6.60,udp,dns,0.013144,88,132,0
1761052175.777713,10.219.6.232,142.250.187.138,tcp,ssl,0.260807,1986,1442,0
1761052063.846204,10.219.6.232,142.251.140.46,udp,quic,ssl,57.540633,169846,199572,0
1761052126.043579,10.219.6.232,172.217.169.195,udp,quic,ssl,0.172946,1502,3479,0
1761052126.617868,10.219.6.232,216.58.212.10,udp,quic,ssl,0.453191,2186,11260,0
1761052177.592772,10.219.6.232,10.219.6.60,udp,dns,0.063459,66,508,0
1761052019.487260,10.219.6.232,35.190.72.216,tcp,ssl,170.696358,1012,3829,0
1761052019.243763,10.219.6.232,35.190.72.216,tcp,ssl,170.940749,1005,3814,0
1761052019.082080,10.219.6.232,151.101.65.91,tcp,ssl,171.109133,975,4709,0
1761052019.179735,10.219.6.232,34.49.51.44,tcp,ssl,171.013597,1293,4200,0
1761051990.738056,10.219.6.232,34.160.144.191,tcp,ssl,199.459677,1078,14999,0
1761052185.456032,10.219.6.232,10.219.6.60,udp,dns,0.039856,56,100,0
1761052185.497480,10.219.6.232,142.251.140.46,tcp,-,5.641723,0,0,0
1761052131.224025,10.219.6.232,216.58.213.98,udp,quic,ssl,10.985726,2258,5540,0
1761052126.281987,10.219.6.232,216.58.212.8,udp,quic,ssl,16.049031,3234,6294,0
1761052193.106000,10.219.6.232,10.219.6.60,udp,dns,0.071883,64,108,0
1761052143.112604,10.219.6.232,142.251.140.78,udp,quic,ssl,0.157085,1667,5149,0
1761052193.343642,10.219.6.232,10.219.6.60,udp,dns,0.025929,56,170,0
1761052146.818146,10.219.6.232,142.250.184.142,udp,quic,ssl,0.881947,5809,12186,0
1761052210.877556,10.219.6.232,216.58.212.8,tcp,ssl,0.638261,1229,118450,0
1761052211.922179,10.219.6.232,216.58.213.110,tcp,ssl,0.330654,869,4061,0
1761052211.798206,10.219.6.232,216.58.213.110,tcp,ssl,0.552445,1797,26220,0
1761052207.724024,10.219.6.232,10.219.6.60,udp,dns,0.004905,33,49,0
1761052207.753233,10.219.6.232,10.219.6.60,udp,dns,0.003301,70,114,0
1761052207.878533,10.219.6.232,10.219.6.60,udp,dns,0.152417,84,160,0
1761052207.922563,10.219.6.232,10.219.6.60,udp,dns,0.005962,84,128,0
1761052159.357304,0.0.0.0,255.255.255.255,udp,dhcp,0.000248,564,0,0
1761052210.468837,10.219.6.232,10.219.6.60,udp,dns,0.172590,56,129,0
1761052210.870554,10.219.6.232,10.219.6.60,udp,dns,0.006225,84,128,0
1761052211.693121,10.219.6.232,10.219.6.60,udp,dns,0.103653,84,128,0
1761052147.622722,10.219.6.232,172.66.151.168,udp,quic,ssl,15.083691,1781,5855,0
1761052168.839454,10.219.6.232,142.250.187.110,udp,quic,ssl,0.194911,1714,7745,0
1761052144.242114,10.219.6.232,172.217.169.195,udp,quic,ssl,25.791000,5257,522525,0
1761052126.619678,10.219.6.232,142.250.187.163,tcp,http,98.715215,855,1821,0
1761052126.297269,10.219.6.232,142.250.187.99,udp,quic,ssl,44.506793,53775,1015017,0
1761052019.416335,10.219.6.232,146.75.1.91,tcp,ssl,209.290578,1295,7659,0
1761052058.665783,10.219.6.232,146.75.1.91,tcp,ssl,170.629165,875,5122,0
1761052112.983693,10.219.6.232,173.194.164.10,tcp,ssl,116.315047,3658,328430,0
1761051991.598920,10.219.6.232,146.75.1.91,tcp,ssl,237.708805,1868,23244,0
1761052177.593140,10.219.6.232,142.251.140.46,udp,quic,ssl,0.308141,6199,3965,0
1761052106.485830,10.219.6.232,172.217.20.86,tcp,ssl,133.847090,1980,13895,0
1761052070.520426,10.219.6.232,172.217.20.86,tcp,ssl,170.769889,987,5284,0
1761052126.619815,10.219.6.232,142.250.187.163,tcp,http,115.674089,427,910,0
1761052071.575767,10.219.6.232,142.250.187.99,tcp,ssl,170.718728,991,3554,0
1761052126.619755,10.219.6.232,142.250.187.163,tcp,http,115.676842,428,911,0
1761052242.628219,10.219.6.232,172.217.17.110,tcp,ssl,0.210490,860,5987,0
1761052244.522824,10.219.6.232,216.58.212.10,tcp,ssl,0.644343,866,3836,0
1761052105.941830,10.219.6.232,31.145.158.12,tcp,ssl,140.353256,1265,5197,0
1761052241.647933,10.219.6.232,10.219.6.60,udp,dns,0.040181,72,116,0
1761052241.695090,10.219.6.232,10.219.6.60,udp,dns,0.003125,92,136,0
1761052241.806650,10.219.6.232,10.219.6.60,udp,dns,0.003481,88,132,0
1761052242.522616,10.219.6.232,10.219.6.60,udp,dns,0.039389,66,508,0
1761052242.681231,10.219.6.232,10.219.6.60,udp,dns,0.025098,66,110,0
1761052193.181160,10.219.6.232,216.58.212.4,udp,quic,ssl,0.318984,1929,8876,0
1761052243.680586,10.219.6.232,10.219.6.60,udp,dns,0.042388,90,134,0
1761052243.681984,10.219.6.232,10.219.6.60,udp,dns,0.041963,80,124,0
1761052243.904766,10.219.6.232,10.219.6.60,udp,dns,0.029759,28,79,0
1761052244.420677,10.219.6.232,10.219.6.60,udp,dns,0.037504,78,414,0
1761052140.152888,10.219.6.232,142.250.187.110,udp,quic,ssl,61.301254,22306,259780,0
1761052207.755102,10.219.6.232,172.217.169.195,udp,quic,ssl,0.281220,1501,3480,0
1761052207.878007,10.219.6.232,216.58.213.98,udp,quic,ssl,0.212733,3210,3356,0
1761052207.924127,10.219.6.232,216.58.212.8,udp,quic,ssl,0.364009,3744,5157,0
1761052126.351202,10.219.6.232,142.250.187.145,udp,quic,ssl,81.829783,13816,10112,0
1761052126.616232,10.219.6.232,216.58.212.10,udp,quic,ssl,81.621558,7881,13737,0
1761052127.522664,10.219.6.232,216.58.212.46,udp,quic,ssl,81.701162,11774,12240,0
1761052211.312157,10.219.6.232,216.58.212.8,udp,quic,ssl,0.449064,2832,139884,0
1761052270.767667,10.219.6.232,31.145.158.12,tcp,-,0.000047,0,0,0
1761052219.854645,0.0.0.0,255.255.255.255,udp,dhcp,0.000358,564,0,0
1761052210.642192,10.219.6.232,193.111.73.21,tcp,ssl,65.483298,2937,27345,0
1761052210.859930,10.219.6.232,193.111.73.21,tcp,ssl,65.276127,1640,55188,0
1761052210.860144,10.219.6.232,193.111.73.21,tcp,ssl,65.300546,1658,26209,0
1761052210.642025,10.219.6.232,193.111.73.21,tcp,ssl,65.525945,2914,53244,0
1761052210.859210,10.219.6.232,193.111.73.21,tcp,ssl,65.567531,2737,74934,0
1761052275.592001,10.219.6.232,10.219.6.60,udp,dns,0.051870,64,108,0
1761052277.475886,10.219.6.232,10.219.6.60,udp,dns,0.049474,70,114,0
1761052210.859699,10.219.6.232,193.111.73.21,tcp,ssl,74.378352,5974,285490,0
1761052072.812409,10.219.6.232,142.250.187.98,tcp,ssl,218.205422,2503,3316,0
1761052113.782855,10.219.6.232,104.18.5.159,tcp,ssl,177.568660,988,3790,0
1761052291.262725,10.219.6.232,157.240.238.35,tcp,ssl,0.391588,857,4326,0
1761052291.752469,10.219.6.232,157.240.238.35,tcp,ssl,0.147525,861,4324,0
1761052291.262905,10.219.6.232,157.240.238.35,tcp,ssl,0.890825,1337,33282,0
1761052292.191209,10.219.6.232,157.240.238.2,tcp,ssl,0.229406,864,4324,0
1761052292.191524,10.219.6.232,157.240.238.2,tcp,ssl,0.232295,864,4326,0
1761052292.190809,10.219.6.232,157.240.238.2,tcp,ssl,0.233061,864,4325,0
1761052292.191343,10.219.6.232,157.240.238.2,tcp,ssl,0.232698,864,4326,0
1761052292.191765,10.219.6.232,157.240.238.2,tcp,ssl,0.234835,864,4325,0
1761052292.191620,10.219.6.232,157.240.238.2,tcp,ssl,0.311876,1252,6868,0
1761052292.201461,10.219.6.232,216.58.214.138,tcp,ssl,0.396861,1986,1442,0
1761052239.402989,10.219.6.232,172.217.169.195,udp,quic,ssl,0.158646,1502,3479,0
1761052212.211284,10.219.6.232,216.58.213.110,udp,quic,ssl,27.356371,3891,6740,0
1761052290.148063,10.219.6.232,10.219.6.60,udp,dns,0.055283,92,192,0
1761052275.645196,10.219.6.232,216.58.213.100,tcp,-,19.800966,0,0,0
1761052291.396621,10.219.6.232,10.219.6.60,udp,dns,0.033131,70,723,0
1761052291.702028,10.219.6.232,10.219.6.60,udp,dns,0.049508,68,194,0
1761052241.653880,10.219.6.232,142.250.187.145,udp,quic,ssl,0.251027,2390,4685,0
1761052241.696438,10.219.6.232,216.58.212.10,udp,quic,ssl,0.262331,2349,3980,0
1761052241.808291,10.219.6.232,142.250.187.110,udp,quic,ssl,0.172815,2799,4622,0
1761052241.805730,10.219.6.232,172.217.169.195,udp,quic,ssl,0.195995,1502,3479,0
1761052281.922322,10.219.6.232,10.219.6.60,udp,dns,5.005887,66,0,0
1761052292.155029,10.219.6.232,10.219.6.60,udp,dns,0.034813,74,419,0
1761052292.173641,10.219.6.232,10.219.6.60,udp,dns,0.026541,45,61,0
1761052126.406262,10.219.6.232,142.250.187.145,tcp,ssl,171.091094,994,4396,0
1761052126.643336,10.219.6.232,216.58.212.10,tcp,ssl,170.858672,1020,9127,0
1761052242.684038,10.219.6.232,216.58.212.46,udp,quic,ssl,0.262047,2441,4073,0
1761052127.576108,10.219.6.232,216.58.212.46,tcp,ssl,170.913961,991,6067,0
1761052243.724581,10.219.6.232,142.250.184.130,udp,quic,ssl,0.358918,2370,6376,0
1761052243.727652,10.219.6.232,142.251.140.70,udp,quic,ssl,0.171855,1910,3690,0
1761052244.460316,10.219.6.232,216.58.212.10,udp,quic,ssl,0.414563,4173,6260,0
1761052242.567477,10.219.6.232,172.217.17.110,udp,quic,ssl,3.832744,19248,1006841,0
1761052286.255552,10.219.6.232,10.219.6.60,udp,dns,5.006495,120,104,0
1761052185.496969,10.219.6.232,142.251.140.46,tcp,http,116.083041,330,965,0
1761052297.484993,10.219.6.232,10.219.6.60,udp,dns,0.029104,32,48,0
1761052131.225405,10.219.6.232,216.58.213.98,tcp,ssl,171.354323,1455,3990,0
1761052303.326356,10.219.6.232,10.219.6.60,udp,dns,0.010935,66,690,0
1761052193.370397,10.219.6.232,142.250.187.163,tcp,http,115.674253,427,910,0
1761052140.224822,10.219.6.232,142.250.187.110,tcp,ssl,170.846508,1002,3554,0
1761052208.025088,10.219.6.232,216.58.212.8,tcp,ssl,103.896244,2262,1415,0
1761052141.667695,10.219.6.232,142.250.187.99,tcp,ssl,170.383030,991,3554,0
1761052141.667906,10.219.6.232,216.58.212.8,tcp,ssl,170.383040,1000,4139,0
1761052144.351866,10.219.6.232,172.217.169.195,tcp,ssl,170.719739,993,3555,0
1761052316.950088,10.219.6.232,31.145.158.12,tcp,-,0.000053,0,0,0
1761052277.479727,10.219.6.232,172.217.169.195,udp,quic,ssl,0.158869,1502,3479,0
1761052277.527945,10.219.6.232,172.217.17.113,udp,quic,ssl,0.299454,2352,4702,0
1761052277.757982,10.219.6.232,216.58.212.10,udp,quic,ssl,0.277371,2392,3936,0
1761052278.750934,10.219.6.232,172.217.169.174,udp,quic,ssl,0.251281,2509,3950,0
1761052280.397838,0.0.0.0,255.255.255.255,udp,dhcp,0.000206,564,0,0
1761052168.900144,10.219.6.232,172.217.20.67,tcp,ssl,170.635276,991,3554,0
1761052290.204371,10.219.6.232,34.36.137.203,udp,quic,ssl,0.292149,1882,5657,0
1761052292.097981,10.219.6.232,157.240.238.35,udp,quic,ssl,0.101546,1837,5648,0
1761052292.332313,10.219.6.232,157.240.238.2,udp,quic,ssl,0.677699,11378,429831,0
1761052125.766235,10.219.6.232,216.58.212.4,udp,quic,ssl,169.601098,520751,4569419,0
1761052291.699245,10.219.6.232,157.240.238.35,udp,quic,ssl,5.082467,18758,14124,0
1761052169.884825,10.219.6.232,172.217.169.195,tcp,ssl,185.974334,1589,939,0
1761052169.887929,10.219.6.232,142.250.187.110,tcp,ssl,186.492675,1002,3554,0
1761052303.327577,10.219.6.232,172.217.17.110,udp,quic,ssl,0.263186,3805,3874,0
1761052243.935587,10.219.6.232,172.217.17.131,tcp,http,115.598067,427,910,0
1761052243.904549,10.219.6.232,142.250.187.163,tcp,http,116.625724,855,1821,0
1761052193.206908,10.219.6.232,216.58.212.4,tcp,ssl,170.446855,990,3519,0
1761052364.038168,10.219.6.232,10.219.6.60,udp,dns,0.026297,90,134,0
1761052368.531128,127.0.0.1,127.0.0.1,udp,dns,-,-,-,0
1761052368.531431,127.0.0.1,127.0.0.1,udp,dns,-,-,-,0
1761052368.531705,127.0.0.1,127.0.0.1,udp,dns,-,-,-,0
1761052368.531771,127.0.0.1,127.0.0.1,udp,dns,-,-,-,0
1761052368.533893,127.0.0.1,127.0.0.1,udp,dns,-,-,-,0
1761052368.533912,127.0.0.1,127.0.0.1,udp,dns,-,-,-,0
1761052368.534715,127.0.0.1,127.0.0.1,udp,dns,-,-,-,0
1761052368.534731,127.0.0.1,127.0.0.1,udp,dns,-,-,-,0
1761052368.534976,127.0.0.1,127.0.0.1,udp,dns,-,-,-,0
1761052368.534990,127.0.0.1,127.0.0.1,udp,dns,-,-,-,0
1761052368.535068,127.0.0.1,127.0.0.1,udp,dns,-,-,-,0
1761052368.535121,127.0.0.1,127.0.0.1,udp,dns,-,-,-,0
1761052368.535606,127.0.0.1,127.0.0.1,udp,dns,-,-,-,0
1761052368.535620,127.0.0.1,127.0.0.1,udp,dns,-,-,-,0
1761052368.535973,127.0.0.1,127.0.0.1,udp,dns,-,-,-,0
1761052368.535993,127.0.0.1,127.0.0.1,udp,dns,-,-,-,0
1761052368.537878,127.0.0.1,127.0.0.1,udp,dns,-,-,-,0
1761052368.537894,127.0.0.1,127.0.0.1,udp,dns,-,-,-,0
1761052368.538482,127.0.0.1,127.0.0.1,udp,dns,-,-,-,0
1761052368.538496,127.0.0.1,127.0.0.1,udp,dns,-,-,-,0
1761052368.565784,127.0.0.1,127.0.0.1,udp,dns,-,-,-,0
1761052368.565803,127.0.0.1,127.0.0.1,udp,dns,-,-,-,0
1761052368.566064,127.0.0.1,127.0.0.1,udp,dns,-,-,-,0
1761052368.566079,127.0.0.1,127.0.0.1,udp,dns,-,-,-,0
1761052372.470109,127.0.0.1,127.0.0.1,udp,dns,-,-,-,0
1761052372.470129,127.0.0.1,127.0.0.1,udp,dns,-,-,-,0
1761052372.470388,127.0.0.1,127.0.0.1,udp,dns,-,-,-,0
1761052372.470404,127.0.0.1,127.0.0.1,udp,dns,-,-,-,0
1761052338.295814,10.219.6.232,62.12.173.11,udp,ntp,0.069444,48,48,0
1761052341.311600,fe80::c7d6:2410:7624:dff8,ff02::2,icmp,-,-,-,-,0
1761052403.641753,127.0.0.1,127.0.0.1,udp,dns,-,-,-,0
1761052403.641772,127.0.0.1,127.0.0.1,udp,dns,-,-,-,0
1761052403.642525,127.0.0.1,127.0.0.1,udp,dns,-,-,-,0
1761052403.642571,127.0.0.1,127.0.0.1,udp,dns,-,-,-,0
1761052407.061451,127.0.0.1,127.0.0.1,udp,dns,-,-,-,0
1761052407.061472,127.0.0.1,127.0.0.1,udp,dns,-,-,-,0
1761052407.061812,127.0.0.1,127.0.0.1,udp,dns,-,-,-,0
1761052407.061828,127.0.0.1,127.0.0.1,udp,dns,-,-,-,0
1761052292.191694,10.219.6.232,157.240.238.2,tcp,ssl,123.817912,1989,373628,0
1761052415.993066,10.219.6.232,172.217.17.238,tcp,ssl,1.017069,1593,6160,0
1761052415.992377,10.219.6.232,34.107.243.93,tcp,ssl,1.023811,962,3766,0
1761052415.989043,10.219.6.232,216.58.213.110,tcp,ssl,1.031672,1449,6160,0
1761052364.069356,10.219.6.232,142.250.184.130,udp,quic,ssl,0.320559,2100,6108,0
1761052414.209880,127.0.0.1,127.0.0.1,udp,dns,-,-,-,0
1761052414.209979,127.0.0.1,127.0.0.1,udp,dns,-,-,-,0
1761052414.210019,127.0.0.1,127.0.0.1,udp,dns,-,-,-,0
1761052414.210063,127.0.0.1,127.0.0.1,udp,dns,-,-,-,0
1761052414.211128,127.0.0.1,127.0.0.1,udp,dns,-,-,-,0
1761052414.211149,127.0.0.1,127.0.0.1,udp,dns,-,-,-,0
1761052414.211423,127.0.0.1,127.0.0.1,udp,dns,-,-,-,0
1761052414.211441,127.0.0.1,127.0.0.1,udp,dns,-,-,-,0
1761052415.943924,10.219.6.232,10.219.6.60,udp,dns,0.039438,62,151,0
1761052415.944099,10.219.6.232,10.219.6.60,udp,dns,0.040505,29,93,0
1761052415.944139,10.219.6.232,10.219.6.60,udp,dns,0.165191,58,234,0
1761052415.944246,10.219.6.232,10.219.6.60,udp,dns,0.041415,42,156,0
1761052415.944270,10.219.6.232,10.219.6.60,udp,dns,0.044889,84,324,0
1761052415.944292,10.219.6.232,10.219.6.60,udp,dns,0.044246,66,508,0
1761052415.944362,10.219.6.232,10.219.6.60,udp,dns,0.045852,86,186,0
1761052415.946811,10.219.6.232,10.219.6.60,udp,dns,0.045981,66,492,0
1761052415.983815,10.219.6.232,10.219.6.60,udp,dns,0.009000,62,94,0
1761052415.984919,10.219.6.232,10.219.6.60,udp,dns,0.008389,29,93,0
1761052415.985849,10.219.6.232,10.219.6.60,udp,dns,0.008623,42,156,0
1761052416.109812,10.219.6.232,10.219.6.60,udp,dns,0.003962,58,234,0
1761052416.948351,10.219.6.232,10.219.6.60,udp,dns,0.006132,29,93,0
1761052416.948728,10.219.6.232,10.219.6.60,udp,dns,0.008100,58,234,0
1761052416.950564,10.219.6.232,10.219.6.60,udp,dns,0.006290,62,94,0
1761052416.951992,10.219.6.232,10.219.6.60,udp,dns,0.005319,84,324,0
1761052417.712675,10.219.6.232,10.219.6.60,udp,dns,0.005878,33,310,0
1761052297.516210,10.219.6.232,142.250.184.132,tcp,ssl,132.660075,3356,2055,0
1761051991.618042,10.219.6.232,34.107.243.93,tcp,ssl,438.628997,2151,1266,0
1761052303.427746,10.219.6.232,172.217.17.110,tcp,ssl,126.829394,1587,939,0
1761052243.784627,10.219.6.232,142.250.184.130,tcp,ssl,188.488154,1392,4424,0
1761052290.258089,10.219.6.232,34.36.137.203,tcp,ssl,142.055860,1580,939,0
1761052243.784861,10.219.6.232,142.251.140.70,tcp,ssl,188.535441,1037,3805,0
1761052207.978320,10.219.6.232,216.58.213.98,tcp,ssl,230.467405,2248,1566,0
1761052241.907787,10.219.6.232,142.250.187.110,tcp,ssl,196.540211,2059,2973,0
1761052207.723470,10.219.6.232,142.250.187.99,tcp,ssl,234.847120,1443,3593,0
1761052413.258081,::,ff02::16,icmp,-,0.300078,40,0,0
1761052413.909927,::,ff02::1:ff24:dff8,icmp,-,0.001022,48,0,0
1761052368.531641,127.0.0.1,127.0.0.1,icmp,-,45.679802,2756,0,0
1761052414.934571,fe80::c7d6:2410:7624:dff8,ff02::16,icmp,-,0.799399,40,0,0
1761052340.503121,0.0.0.0,255.255.255.255,udp,dhcp,74.752062,5820,0,0
1761052367.602009,10.219.6.60,255.255.255.255,udp,dhcp,47.664325,948,0,0
1761052468.129164,10.219.6.232,10.219.6.60,udp,dns,0.006074,32,48,0
1761052516.058758,10.219.6.232,142.250.184.132,tcp,ssl,0.587346,2058,23819,0
1761052515.610372,10.219.6.232,216.58.213.110,tcp,ssl,1.044039,2002,7838,0
1761052515.525146,10.219.6.232,10.219.6.60,udp,dns,0.083266,56,100,0
1761052516.029372,10.219.6.232,10.219.6.60,udp,dns,0.028504,64,108,0
1761052415.021023,fe80::c7d6:2410:7624:dff8,ff02::2,icmp,-,59.700031,0,0,0
1761052415.994592,10.219.6.232,34.107.221.82,tcp,http,117.895921,620,432,0
1761052558.364058,10.219.6.232,88.198.248.254,tcp,ssl,0.365561,835,3866,0
1761052558.119331,10.219.6.232,10.219.6.60,udp,dns,0.243484,68,188,0
1761052291.431261,10.219.6.232,23.196.96.159,tcp,http,299.665358,431,726,0
1761052291.431496,10.219.6.232,23.196.96.159,tcp,http,299.665200,862,1452,0
1761052417.719185,10.219.6.232,142.250.187.142,tcp,ssl,173.424776,4947,1316,0
1761052537.146325,fe80::c7d6:2410:7624:dff8,ff02::2,icmp,-,-,-,-,0
1761052126.328525,10.219.6.232,216.58.212.8,tcp,ssl,171.169963,1000,1713509376,0
1761052573.117060,10.219.6.171,10.219.6.255,udp,-,-,-,-,0
1761052634.760569,10.219.6.232,91.195.240.94,tcp,ssl,0.407194,2038,27526,0
1761052634.565397,10.219.6.232,10.219.6.60,udp,dns,0.194617,60,144,0
1761052468.136903,10.219.6.232,142.250.184.132,tcp,ssl,173.077646,2237,4086,0
1761052648.037086,10.219.6.171,10.219.6.255,udp,dns,1.505671,150,0,0
1761052668.044498,10.219.6.232,192.0.33.8,tcp,ssl,1.054128,2034,12863,0
1761052667.624105,10.219.6.232,10.219.6.60,udp,dns,0.419461,60,174,0
1761052684.644663,10.219.6.232,88.198.248.254,tcp,ssl,0.198514,1710,3655,0
1761052684.639803,10.219.6.232,10.219.6.60,udp,dns,0.004289,68,188,0
1761052658.707967,fe80::c7d6:2410:7624:dff8,ff02::2,icmp,-,-,-,-,0
1761052710.787392,10.219.6.232,10.219.6.60,udp,dns,0.043998,51,83,0
1761052712.777020,10.219.6.232,10.219.6.60,udp,dns,0.003449,32,48,0
1761052728.235146,10.219.6.232,88.198.248.254,tcp,ssl,0.168402,1710,3655,0
1761052728.230318,10.219.6.232,10.219.6.60,udp,dns,0.004607,68,188,0
1761052730.002646,10.219.6.232,10.219.6.60,udp,dns,0.048829,33,326,0
1761052747.704347,10.219.6.232,88.198.248.254,tcp,ssl,0.196864,1710,3655,0
1761052747.698415,10.219.6.232,10.219.6.60,udp,dns,0.005651,68,188,0
1761052787.988885,10.219.6.232,23.196.96.159,tcp,-,3.594751,1543330840,1984598459,0
1761052787.988887,10.219.6.232,23.196.96.159,tcp,-,3.854006,1698748588,1039909977,0
1761052835.406662,10.219.6.232,150.171.22.12,tcp,http,0.243511,76,396,0
1761052835.318688,10.219.6.232,10.219.6.60,udp,dns,0.086534,60,104,0
1761052862.476839,10.219.6.232,10.219.6.60,udp,dns,0.121292,52,189,0
1761052882.729204,10.219.6.232,150.171.22.12,tcp,http,0.324814,76,396,0
1761052712.782298,10.219.6.232,216.58.214.132,tcp,ssl,171.142752,3893,1507,0
1761052882.701021,10.219.6.232,10.219.6.60,udp,dns,0.027781,60,104,0
1761052884.044725,10.219.6.232,10.219.6.60,udp,dns,0.050066,32,48,0
1761052730.052601,10.219.6.232,216.58.214.142,tcp,ssl,171.147436,5108,1316,0
1761052906.448372,10.219.6.232,52.22.130.113,tcp,http,0.428806,173,337,0
1761052906.412333,10.219.6.232,10.219.6.60,udp,dns,0.034986,58,175,0
1761052927.326899,10.219.6.232,34.233.209.126,tcp,http,0.420772,162,337,0
1761052927.323058,10.219.6.232,10.219.6.60,udp,dns,0.003535,58,90,0
1761052939.732472,10.219.6.232,52.22.130.113,tcp,http,0.409307,78,337,0
1761052939.765510,10.219.6.232,23.215.0.138,tcp,http,0.435014,75,775,0
1761052939.891534,10.219.6.232,23.220.75.235,tcp,http,0.593793,75,775,0
1761052939.725279,10.219.6.232,10.219.6.60,udp,dns,0.165556,58,636,0
1761052939.725448,10.219.6.232,10.219.6.60,udp,dns,0.039715,58,322,0
1761052939.727859,10.219.6.232,10.219.6.60,udp,dns,0.004097,58,90,0
1761052890.590514,fe80::c7d6:2410:7624:dff8,ff02::2,icmp,-,-,-,-,0
1761052884.095813,10.219.6.232,142.251.140.4,tcp,ssl,59.797878,3739,1468,0
1761052416.171649,10.219.6.232,34.107.243.93,tcp,ssl,300.590620,2131,1239,0
1761057165.088992,10.219.6.232,10.219.6.171,tcp,gssapi,smb,ntlm,0.007795,1225,1810,0
1761057253.441962,10.219.6.232,10.219.6.171,tcp,gssapi,smb,ntlm,dce_rpc,12.856407,2077,2528,0
1761057365.161610,10.219.6.232,10.219.6.171,tcp,gssapi,smb,ntlm,51.919183,2471,2524,0
1761058145.604310,10.219.6.232,10.219.6.171,tcp,ssh,99.659269,19493,19981,0
1761996983.002956,192.168.145.129,192.168.145.2,udp,dns,0.041714,30,111,1
1761996983.005394,192.168.145.129,4.153.129.168,tcp,ssl,14.506157,1879,5893,1
1761997029.290285,192.168.145.129,192.168.145.2,udp,dns,0.067227,26,131,1
1761997031.805193,192.168.145.129,192.168.145.2,udp,dns,0.119178,92,192,1
1761997031.906721,192.168.145.129,192.168.145.2,udp,dns,0.043541,46,62,1
1761996983.470649,192.168.145.129,192.36.143.130,udp,ntp,0.086169,48,48,1
1761997043.802195,192.168.145.129,192.168.145.2,udp,dns,0.044027,30,111,1
1761997043.802634,192.168.145.129,4.153.129.168,tcp,ssl,14.308265,1870,5893,1
1761997013.060983,192.168.145.1,192.168.145.255,udp,-,-,-,-,1
1761997015.721482,192.168.145.129,192.36.143.130,udp,ntp,0.178276,48,48,1
1761997031.928743,192.168.145.129,34.36.137.203,udp,quic,ssl,0.255377,1804,3582,1
1761997047.971131,192.168.145.129,192.36.143.130,udp,ntp,0.096571,48,48,1
1761997103.703327,192.168.145.129,104.18.93.240,tcp,ssl,0.184229,1360,830,1
1761997051.569855,192.168.145.130,192.168.145.254,udp,dhcp,0.000375,300,300,1
1761997103.521663,192.168.145.129,192.168.145.2,udp,dns,0.176364,84,286,1
1761997104.345384,192.168.145.129,192.168.145.2,udp,dns,0.096329,60,282,1
1761997111.055627,192.168.145.129,34.120.195.249,tcp,ssl,0.062125,675,0,1
1761997111.129922,192.168.145.129,34.120.195.249,tcp,ssl,0.058884,675,0,1
1761997111.189523,192.168.145.129,34.120.195.249,tcp,ssl,0.068019,675,0,1
1761997111.258910,192.168.145.129,34.120.195.249,tcp,ssl,0.051695,675,0,1
1761997111.311373,192.168.145.129,34.120.195.249,tcp,ssl,0.049796,675,0,1
1761997111.361995,192.168.145.129,34.120.195.249,tcp,ssl,0.058260,675,0,1
1761997111.421243,192.168.145.129,34.120.195.249,tcp,ssl,0.076845,675,0,1
1761997111.499094,192.168.145.129,34.120.195.249,tcp,ssl,0.053943,675,0,1
1761997111.554382,192.168.145.129,34.120.195.249,tcp,ssl,0.337057,675,0,1
1761997111.805583,192.168.145.129,34.120.195.249,tcp,ssl,0.087185,675,0,1
1761997111.893449,192.168.145.129,34.120.195.249,tcp,ssl,0.085680,675,0,1
1761997110.924725,192.168.145.129,192.168.145.2,udp,dns,0.129264,45,61,1
1761997111.118570,192.168.145.129,192.168.145.2,udp,dns,0.010089,90,106,1
1761997104.443200,192.168.145.129,4.153.129.168,tcp,ssl,14.184653,1945,5893,1
1761997121.936156,192.168.145.129,192.168.145.2,udp,dns,0.039536,30,111,1
1761997080.221141,192.168.145.129,192.36.143.130,udp,ntp,0.105127,48,48,1
1761997121.936582,192.168.145.129,4.153.129.168,tcp,ssl,14.792511,3027,5893,1
1761997083.044845,192.168.145.130,192.168.145.255,udp,-,0.000002,459,0,1
1761997029.359389,192.168.145.129,212.65.142.187,tcp,ssl,120.647370,2728,988,1
1761997103.702299,192.168.145.129,104.18.93.240,udp,quic,ssl,0.211817,14459,18098,1
1761997112.471278,192.168.145.129,192.36.143.130,udp,ntp,0.131179,48,48,1
1761997183.441115,192.168.145.129,192.168.145.2,udp,dns,0.047610,30,111,1
1761997183.443070,192.168.145.129,4.153.129.168,tcp,ssl,15.081055,1875,5893,1
1761997144.721088,192.168.145.129,192.36.143.130,udp,ntp,0.085127,48,48,1
1761997031.952667,192.168.145.129,34.36.137.203,tcp,ssl,170.585510,1580,939,1
1761997156.168395,192.168.145.129,192.168.145.254,udp,dhcp,0.000712,282,300,1
1761997176.971127,192.168.145.129,192.36.143.130,udp,ntp,0.090384,48,48,1
1761997244.168640,192.168.145.129,192.168.145.2,udp,dns,0.058495,30,111,1
1761997244.169780,192.168.145.129,4.153.129.168,tcp,ssl,14.623835,1883,5893,1
1761997209.221187,192.168.145.129,192.36.143.130,udp,ntp,0.270842,48,48,1
1761997267.064724,192.168.145.129,104.18.92.240,tcp,ssl,0.252587,1360,830,1
1761997266.493380,192.168.145.129,192.168.145.2,udp,dns,0.145157,84,281,1
1761997272.290417,192.168.145.129,192.168.145.2,udp,dns,0.052070,26,131,1
1761997283.595135,192.168.145.129,34.120.195.249,tcp,ssl,0.063751,675,0,1
1761997283.672216,192.168.145.129,34.120.195.249,tcp,ssl,0.088884,675,0,1
1761997283.761980,192.168.145.129,34.120.195.249,tcp,ssl,0.260695,675,0,1
1761997284.023681,192.168.145.129,34.120.195.249,tcp,ssl,0.056511,675,0,1
1761997284.081382,192.168.145.129,34.120.195.249,tcp,ssl,0.071096,675,0,1
1761997284.153199,192.168.145.129,34.120.195.249,tcp,ssl,0.066288,675,0,1
1761997284.220295,192.168.145.129,34.120.195.249,tcp,ssl,0.066351,675,0,1
1761997284.287293,192.168.145.129,34.120.195.249,tcp,ssl,0.055700,675,0,1
1761997284.343727,192.168.145.129,34.120.195.249,tcp,ssl,0.081826,675,0,1
1761997284.427335,192.168.145.129,34.120.195.249,tcp,ssl,0.260440,675,0,1
1761997283.352196,192.168.145.129,192.168.145.2,udp,dns,0.241579,45,61,1
1761997283.660371,192.168.145.129,192.168.145.2,udp,dns,0.009744,90,106,1
1761997241.720806,192.168.145.129,192.36.143.130,udp,ntp,0.101845,48,48,1
1761997285.604202,192.168.145.129,4.153.129.168,tcp,ssl,15.373413,4449,5893,1
1761997306.891707,192.168.145.129,192.168.145.2,udp,dns,0.034022,30,111,1
1761997320.609686,192.168.145.129,34.120.195.249,tcp,ssl,0.055459,675,0,1
1761997320.666135,192.168.145.129,34.120.195.249,tcp,ssl,0.083318,675,0,1
1761997320.750605,192.168.145.129,34.120.195.249,tcp,ssl,0.066837,675,0,1
1761997320.818394,192.168.145.129,34.120.195.249,tcp,ssl,0.074512,675,0,1
1761997320.894113,192.168.145.129,34.120.195.249,tcp,ssl,0.237052,675,0,1
1761997321.132249,192.168.145.129,34.120.195.249,tcp,ssl,0.062421,675,0,1
1761997321.195763,192.168.145.129,34.120.195.249,tcp,ssl,0.089327,675,0,1
1761997321.287163,192.168.145.129,34.120.195.249,tcp,ssl,0.089650,675,0,1
1761997321.377681,192.168.145.129,34.120.195.249,tcp,ssl,0.086180,675,0,1
1761997321.465330,192.168.145.129,34.120.195.249,tcp,ssl,0.072167,675,0,1
1761997266.712327,192.168.145.129,104.18.92.240,udp,quic,ssl,0.110042,4071,8299,1
1761997306.892158,192.168.145.129,4.153.129.168,tcp,ssl,15.101763,1883,5893,1
1761997273.970600,192.168.145.129,192.36.143.130,udp,ntp,0.102334,48,48,1
1761997032.710261,192.168.145.129,34.107.243.93,tcp,-,299.073166,52,24,1
1761997336.786798,192.168.145.129,192.168.145.2,udp,dns,0.080717,86,186,1
1761997337.947767,192.168.145.129,192.168.145.2,udp,dns,0.096997,55,107,1
1761997335.370962,192.168.145.129,4.153.129.168,tcp,ssl,14.397939,3824,5893,1
1761997306.221287,192.168.145.129,192.36.143.130,udp,ntp,0.104916,48,48,1
1761997362.983933,192.168.145.1,224.0.0.251,udp,dns,0.003625,232,0,1
1761997362.984714,fe80::919f:574b:1e59:9a52,ff02::fb,udp,dns,0.002003,232,0,1
1761997362.986755,fe80::919f:574b:1e59:9a52,ff02::1:3,udp,dns,-,-,-,1
1761997362.987557,192.168.145.1,224.0.0.252,udp,dns,-,-,-,1
1761997272.345895,192.168.145.129,212.65.142.187,tcp,ssl,120.574855,2729,988,1
1761997338.471270,192.168.145.129,192.36.143.130,udp,ntp,0.212430,48,48,1
1761997396.675345,192.168.145.129,192.168.145.2,udp,dns,0.048330,30,111,1
1761997396.676077,192.168.145.129,4.153.129.168,tcp,ssl,13.617273,1879,5893,1
1761997362.942045,192.168.145.1,224.0.0.22,unknown_transport,-,0.239730,0,0,1
1761997362.942047,fe80::919f:574b:1e59:9a52,ff02::16,icmp,-,0.239728,100,0,1
1761997370.720565,192.168.145.129,192.36.143.130,udp,ntp,0.322851,48,48,1
1761997362.970736,192.168.145.1,239.255.255.250,udp,-,15.104321,822,0,1
1761997266.813433,192.168.145.129,104.18.92.240,tcp,ssl,171.177245,12136,7359,1
1761997103.703025,192.168.145.129,104.18.93.240,tcp,ssl,334.287654,2796,2988,1
1761997403.220572,192.168.145.129,192.36.143.130,udp,ntp,0.094266,48,48,1
1761997458.008261,192.168.145.129,192.168.145.2,udp,dns,0.047170,30,111,1
1761997458.009372,192.168.145.129,4.153.129.168,tcp,ssl,14.719368,1873,5893,1
1761997435.471074,192.168.145.129,192.36.143.130,udp,ntp,0.254403,48,48,1
1761997336.870208,192.168.145.129,34.107.243.93,tcp,ssl,170.233507,1616,939,1
1761997338.047809,192.168.145.129,146.75.1.91,tcp,ssl,171.053160,1140,905,1
1761997515.621542,192.168.145.129,192.168.145.2,udp,dns,0.164019,26,131,1
1761997467.970691,192.168.145.129,192.36.143.130,udp,ntp,0.083672,48,48,1
1761997519.307803,192.168.145.129,192.168.145.2,udp,dns,0.038199,30,111,1
1761997519.308079,192.168.145.129,4.153.129.168,tcp,ssl,14.167598,1875,5893,1
1761997500.220910,192.168.145.129,192.36.143.130,udp,ntp,0.105251,48,48,1
1761997343.060099,192.168.145.129,192.168.145.130,tcp,-,231.934535,3,0,1
1761997443.710178,192.168.145.129,192.168.145.130,tcp,-,131.284457,3,0,1
1761997498.535247,192.168.145.129,192.168.145.130,tcp,-,76.459388,3,0,1
1761997574.994125,192.168.145.129,192.168.145.130,tcp,-,0.000511,0,0,1
1761997532.471260,192.168.145.129,192.36.143.130,udp,ntp,0.081298,48,48,1
1761997592.670712,192.168.145.129,192.168.145.130,tcp,-,0.000719,0,0,1
1761997579.347757,192.168.145.129,4.153.129.168,tcp,ssl,14.136786,1875,5893,1
1761997564.720560,192.168.145.129,192.36.143.130,udp,ntp,0.118468,48,48,1
1761997615.979502,192.168.145.129,192.168.145.2,udp,dns,0.034635,30,111,1
1761997615.979642,192.168.145.129,4.153.129.168,tcp,ssl,13.475565,2135,5893,1
1761997515.788144,192.168.145.129,212.65.142.187,tcp,ssl,120.646568,2730,988,1
1761997596.972355,192.168.145.129,192.36.143.130,udp,ntp,0.086471,48,48,1
1761997629.220673,192.168.145.129,192.36.143.130,udp,ntp,0.118589,48,48,1
1761997661.471185,192.168.145.129,192.36.143.130,udp,ntp,0.093535,48,48,1
1761997029.290119,192.168.145.129,150.171.27.10,tcp,-,712.753019,5269,2259,1
1761997693.720895,192.168.145.129,192.36.143.130,udp,ntp,0.087704,48,48,1
1761997745.077896,192.168.145.1,224.0.0.251,udp,dns,0.003574,232,0,1
1761997745.077898,fe80::919f:574b:1e59:9a52,ff02::fb,udp,dns,0.002751,232,0,1
1761997745.080649,fe80::919f:574b:1e59:9a52,ff02::1:3,udp,dns,-,-,-,1
1761997745.081469,192.168.145.1,224.0.0.252,udp,dns,-,-,-,1
1761997758.996888,192.168.145.129,192.168.145.2,udp,dns,0.137913,26,131,1
1761997710.760849,fe80::c7d6:2410:7624:dff8,ff02::2,icmp,-,-,-,-,1
1761997725.971001,192.168.145.129,192.36.143.130,udp,ntp,0.152959,48,48,1
1761997731.941116,192.168.145.1,192.168.145.255,udp,-,-,-,-,1
1761997745.007630,192.168.145.1,192.168.145.254,udp,dhcp,0.001986,316,300,1
1761997745.034944,fe80::919f:574b:1e59:9a52,ff02::16,icmp,-,0.149988,100,0,1
1761997745.034946,192.168.145.1,224.0.0.22,unknown_transport,-,0.149984,0,0,1
1761997751.993455,192.168.145.130,192.168.145.255,udp,-,0.000003,459,0,1
1761997758.220985,192.168.145.129,192.36.143.130,udp,ntp,0.301738,48,48,1
1761997745.077898,192.168.145.1,239.255.255.250,udp,-,15.088701,822,0,1
1761997592.696958,192.168.145.129,192.168.145.130,tcp,-,231.749033,80,60,1
1761997592.679784,192.168.145.129,192.168.145.130,tcp,ftp,231.766208,20,54,1
1761997837.692206,192.168.145.129,192.168.145.130,tcp,-,0.000490,0,0,1
1761997790.720997,192.168.145.129,192.36.143.130,udp,ntp,0.086318,48,48,1
1761997822.971408,192.168.145.129,192.36.143.130,udp,ntp,0.107559,48,48,1
1761997759.136776,192.168.145.129,212.65.142.187,tcp,ssl,120.424739,2728,988,1
1761997855.221446,192.168.145.129,192.36.143.130,udp,ntp,0.107875,48,48,1
1761997337.221504,192.168.145.129,34.107.243.93,tcp,ssl,300.664085,2099,1266,1
1761997934.151030,192.168.145.129,192.168.145.2,udp,dns,0.064223,92,192,1
1761997887.471132,192.168.145.129,192.36.143.130,udp,ntp,0.099962,48,48,1
1761997919.720735,192.168.145.129,192.36.143.130,udp,ntp,0.102161,48,48,1
1761997934.218223,192.168.145.129,34.36.137.203,udp,quic,ssl,0.266801,1805,3582,1
1761997947.026958,192.168.145.130,192.168.145.254,udp,dhcp,0.000046,300,300,1
1761997951.970988,192.168.145.129,192.36.143.130,udp,ntp,0.097161,48,48,1
1761998002.422859,192.168.145.129,192.168.145.2,udp,dns,0.149738,26,131,1
1761997984.220692,192.168.145.129,192.36.143.130,udp,ntp,0.199072,48,48,1
1761997837.720294,192.168.145.129,192.168.145.130,tcp,-,211.613701,146,449,1
1761997837.699305,192.168.145.129,192.168.145.130,tcp,ftp,211.634691,22,54,1
1761998016.470939,192.168.145.129,192.36.143.130,udp,ntp,0.103305,48,48,1
1761998080.971283,192.168.145.129,192.36.143.130,udp,ntp,0.101848,48,48,1
1761998056.168717,192.168.145.129,192.168.145.254,udp,dhcp,0.000335,282,300,1
1761998048.720747,192.168.145.129,192.36.143.130,udp,ntp,0.091911,48,48,1
1761998002.574440,192.168.145.129,212.65.142.187,tcp,ssl,59.217848,2628,925,1
1761997938.030631,192.168.145.129,34.107.243.93,tcp,-,0.000780,28,24,1
1761997934.252524,192.168.145.129,34.36.137.203,tcp,ssl,117.378052,1517,939,1
1761996981.459198,192.168.145.129,104.18.16.5,tcp,-,1108.160000,33634,16680,1
1763469970.807604,192.168.145.129,192.168.145.132,tcp,ssh,0.276258,2328,1941,1
1763469971.083926,192.168.145.129,192.168.145.132,tcp,ssh,0.280684,2328,1941,1
1763469971.364719,192.168.145.129,192.168.145.132,tcp,ssh,0.310644,2320,1941,1
1763469971.675424,192.168.145.129,192.168.145.132,tcp,ssh,0.267006,2328,1941,1
1763469971.942552,192.168.145.129,192.168.145.132,tcp,ssh,0.266544,1956,1569,1
1763469972.207023,192.168.145.129,192.168.145.132,tcp,ssh,0.267261,2336,1949,1
1763469972.474338,192.168.145.129,192.168.145.132,tcp,ssh,0.291740,2336,1941,1
1763469972.766139,192.168.145.129,192.168.145.132,tcp,ssh,0.282577,2336,1949,1
1763469973.048936,192.168.145.129,192.168.145.132,tcp,ssh,0.292832,2336,1949,1
1763469973.341926,192.168.145.129,192.168.145.132,tcp,ssh,0.257271,1964,1569,1
1763469973.597453,192.168.145.129,192.168.145.132,tcp,ssh,0.273728,2288,1949,1
1763469978.829409,192.168.145.129,192.168.145.132,tcp,ssh,0.304657,2108,2629,1
1763469978.515634,192.168.145.129,192.168.145.132,tcp,ssh,0.313676,2336,1949,1
1763469978.225665,192.168.145.129,192.168.145.132,tcp,ssh,0.289876,2336,1949,1
1763469977.671172,192.168.145.129,192.168.145.132,tcp,ssh,0.270763,1948,1569,1
1763469976.473319,192.168.145.129,192.168.145.132,tcp,ssh,0.296021,2288,1941,1
1763469976.207892,192.168.145.129,192.168.145.132,tcp,ssh,0.279753,1956,1561,1
1763469975.912342,192.168.145.129,192.168.145.132,tcp,ssh,0.295447,2328,1941,1
1763469975.014854,192.168.145.129,192.168.145.132,tcp,ssh,0.274333,2328,1941,1
1763469974.730155,192.168.145.129,192.168.145.132,tcp,ssh,0.290046,1948,1569,1
1763469977.377452,192.168.145.129,192.168.145.132,tcp,ssh,0.293557,2288,1949,1
1763469975.587038,192.168.145.129,192.168.145.132,tcp,ssh,0.325199,2320,1941,1
1763469973.871292,192.168.145.129,192.168.145.132,tcp,ssh,0.280493,2296,1949,1
1763469975.289249,192.168.145.129,192.168.145.132,tcp,ssh,0.297434,2328,1949,1
1763469976.769586,192.168.145.129,192.168.145.132,tcp,ssh,0.309114,2296,1949,1
1763469977.939652,192.168.145.129,192.168.145.132,tcp,ssh,0.285948,2336,1949,1
1763469977.080285,192.168.145.129,192.168.145.132,tcp,ssh,0.297085,2288,1941,1
1763469974.450249,192.168.145.129,192.168.145.132,tcp,ssh,0.279728,2288,1949,1
1763469974.151855,192.168.145.129,192.168.145.132,tcp,ssh,0.298305,2288,1949,1
1762019554.513836,192.168.145.129,192.168.145.130,tcp,rfb,0.005976,28,36,1
1762019587.146691,192.168.145.129,192.168.145.130,tcp,rfb,13.734943,2515,284665,1
1762019610.659819,192.168.145.129,192.168.145.130,tcp,rfb,79.619920,7749,1270817,1
1762019699.350869,192.168.145.129,192.168.145.130,tcp,rfb,52.513343,12253,1689795,1
1762019554.513836,192.168.145.129,192.168.145.130,tcp,rfb,0.005976,28,36,1
1762019587.146691,192.168.145.129,192.168.145.130,tcp,rfb,13.734943,2515,284665,1
1762019610.659819,192.168.145.129,192.168.145.130,tcp,rfb,79.619920,7749,1270817,1
1762019699.350869,192.168.145.129,192.168.145.130,tcp,rfb,52.513343,12253,1689795,1
1762019554.513836,192.168.145.129,192.168.145.130,tcp,rfb,0.005976,28,36,1
1762019587.146691,192.168.145.129,192.168.145.130,tcp,rfb,13.734943,2515,284665,1
1762019610.659819,192.168.145.129,192.168.145.130,tcp,rfb,79.619920,7749,1270817,1
1762019699.350869,192.168.145.129,192.168.145.130,tcp,rfb,52.513343,12253,1689795,1
1762882193.778784,192.168.145.129,89.252.135.27,udp,ntp,0.023676,48,48,1
1762882194.428821,fe80::919f:574b:1e59:9a52,ff02::1:ff00:1,icmp,-,-,-,-,1
1762882226.035902,192.168.145.129,89.252.135.27,udp,ntp,0.025820,48,48,1
1762882255.594862,fe80::919f:574b:1e59:9a52,ff02::1:ff00:1,icmp,-,-,-,-,1
1762882258.276480,192.168.145.129,89.252.135.27,udp,ntp,0.027501,48,48,1
1762882290.527330,192.168.145.129,89.252.135.27,udp,ntp,0.024936,48,48,1
1762882316.600710,fe80::919f:574b:1e59:9a52,ff02::1:ff00:1,icmp,-,-,-,-,1
1762882322.784786,192.168.145.129,89.252.135.27,udp,ntp,0.024072,48,48,1
1762882355.028648,192.168.145.129,89.252.135.27,udp,ntp,0.030209,48,48,1
1762882377.597970,fe80::919f:574b:1e59:9a52,ff02::1:ff00:1,icmp,-,-,-,-,1
1762882387.275974,192.168.145.129,89.252.135.27,udp,ntp,0.200232,48,48,1
1762882419.526438,192.168.145.129,89.252.135.27,udp,ntp,0.029871,48,48,1
1762882438.630639,fe80::919f:574b:1e59:9a52,ff02::1:ff00:1,icmp,-,-,-,-,1
1762882451.786455,192.168.145.129,89.252.135.27,udp,ntp,0.029921,48,48,1
1762882528.081908,fe80::919f:574b:1e59:9a52,ff02::1:3,udp,dns,-,-,-,1
1762882528.081909,192.168.145.1,224.0.0.252,udp,dns,-,-,-,1
1762882484.037548,192.168.145.129,89.252.135.27,udp,ntp,0.035051,48,48,1
1762882535.111027,fe80::919f:574b:1e59:9a52,ff02::1:3,udp,dns,-,-,-,1
1762882535.111030,192.168.145.1,224.0.0.252,udp,dns,-,-,-,1
1762882535.270475,fe80::919f:574b:1e59:9a52,ff02::1:3,udp,dns,-,-,-,1
1762882535.270639,192.168.145.1,224.0.0.252,udp,dns,-,-,-,1
1762882536.136621,fe80::919f:574b:1e59:9a52,ff02::1:3,udp,dns,0.423281,66,0,1
1762882536.136645,192.168.145.1,224.0.0.252,udp,dns,0.423257,66,0,1
1762882537.141192,fe80::919f:574b:1e59:9a52,ff02::1:3,udp,dns,-,-,-,1
1762882537.141193,192.168.145.1,224.0.0.252,udp,dns,-,-,-,1
1762882543.426412,fe80::919f:574b:1e59:9a52,ff02::1:3,udp,dns,-,-,-,1
1762882543.426413,192.168.145.1,224.0.0.252,udp,dns,-,-,-,1
1762882543.426563,fe80::919f:574b:1e59:9a52,ff02::1:3,udp,dns,-,-,-,1
1762882543.426573,192.168.145.1,224.0.0.252,udp,dns,-,-,-,1
1762882543.426596,fe80::919f:574b:1e59:9a52,ff02::1:3,udp,dns,-,-,-,1
1762882543.427450,192.168.145.1,224.0.0.252,udp,dns,-,-,-,1
1762882543.427488,fe80::919f:574b:1e59:9a52,ff02::1:3,udp,dns,0.000053,66,0,1
1762882543.427489,192.168.145.1,224.0.0.252,udp,dns,0.000052,66,0,1
1762882543.427569,fe80::919f:574b:1e59:9a52,ff02::1:3,udp,dns,-,-,-,1
1762882543.427569,192.168.145.1,224.0.0.252,udp,dns,-,-,-,1
1762882538.127848,fe80::919f:574b:1e59:9a52,ff02::1:3,udp,dns,5.298373,66,0,1
1762882528.081833,fe80::919f:574b:1e59:9a52,ff02::fb,udp,dns,22.637128,2149,0,1
1762882538.127849,192.168.145.1,224.0.0.252,udp,dns,5.298373,66,0,1
1762882528.081456,192.168.145.1,224.0.0.251,udp,dns,22.637260,2149,0,1
1762882499.627151,fe80::919f:574b:1e59:9a52,ff02::1:ff00:1,icmp,-,0.988845,48,0,1
1762882516.275357,192.168.145.129,89.252.135.27,udp,ntp,0.054427,48,48,1
1762882527.989293,fe80::919f:574b:1e59:9a52,ff02::16,icmp,-,15.438301,780,0,1
1762882527.989295,192.168.145.1,224.0.0.22,unknown_transport,-,15.438297,0,0,1
1762882528.141335,192.168.145.1,239.255.255.250,udp,-,-,-,-,1
1762882533.388910,192.168.145.1,239.255.255.250,udp,-,0.755518,2084,0,1
1762882533.388912,fe80::919f:574b:1e59:9a52,ff02::c,udp,-,0.000241,1202,0,1
1762882533.389085,fe80::919f:574b:1e59:9a52,ff02::c,udp,-,10.038504,17520,0,1
1762882533.389089,192.168.145.1,239.255.255.250,udp,-,10.038501,17296,0,1
1762882534.237148,fe80::c7d6:2410:7624:dff8,ff02::16,icmp,-,10.174177,80,0,1
1762882536.420093,fe80::919f:574b:1e59:9a52,ff02::c,udp,-,7.006455,1202,0,1
1762882548.526968,192.168.145.129,89.252.135.27,udp,ntp,0.036708,48,48,1
1762882536.389406,192.168.145.1,239.255.255.250,udp,-,16.790074,2769,0,1
1762882561.619027,fe80::919f:574b:1e59:9a52,ff02::1:ff00:1,icmp,-,-,-,-,1
1762882580.778998,192.168.145.129,89.252.135.27,udp,ntp,0.025714,48,48,1
1762882613.035276,192.168.145.129,89.252.135.27,udp,ntp,0.050854,48,48,1
1762882622.637335,fe80::919f:574b:1e59:9a52,ff02::1:ff00:1,icmp,-,-,-,-,1
1762882645.277216,192.168.145.129,89.252.135.27,udp,ntp,0.026437,48,48,1
1762882720.279450,192.168.145.1,224.0.0.251,udp,dns,0.009362,232,0,1
1762882720.283217,fe80::919f:574b:1e59:9a52,ff02::fb,udp,dns,0.004666,232,0,1
1762882720.288498,fe80::919f:574b:1e59:9a52,ff02::1:3,udp,dns,-,-,-,1
1762882720.288557,192.168.145.1,224.0.0.252,udp,dns,-,-,-,1
1762882677.526600,192.168.145.129,89.252.135.27,udp,ntp,0.037418,48,48,1
1762882683.633695,fe80::919f:574b:1e59:9a52,ff02::1:ff00:1,icmp,-,-,-,-,1
1762882709.776534,192.168.145.129,89.252.135.27,udp,ntp,0.026793,48,48,1
1762882711.670850,192.168.145.1,255.255.255.255,udp,dhcp,-,-,-,1
1762882766.022823,fe80::919f:574b:1e59:9a52,ff02::1:3,udp,dns,-,-,-,1
1762882766.022849,192.168.145.1,224.0.0.252,udp,dns,-,-,-,1
1762882711.670993,192.168.145.1,192.168.145.254,udp,dhcp,8.486799,316,600,1
1762882770.702316,fe80::919f:574b:1e59:9a52,ff02::1:3,udp,dns,-,-,-,1
1762882770.702317,192.168.145.1,224.0.0.252,udp,dns,-,-,-,1
1762882760.789559,192.168.145.1,224.0.0.252,udp,dns,5.233164,66,0,1
1762882760.789559,fe80::919f:574b:1e59:9a52,ff02::1:3,udp,dns,5.233141,66,0,1
1762882770.916976,fe80::919f:574b:1e59:9a52,ff02::1:3,udp,dns,-,-,-,1
1762882770.916993,192.168.145.1,224.0.0.252,udp,dns,-,-,-,1
1762882771.258833,fe80::919f:574b:1e59:9a52,ff02::1:3,udp,dns,-,-,-,1
1762882771.258850,192.168.145.1,224.0.0.252,udp,dns,-,-,-,1
1762882772.128036,fe80::919f:574b:1e59:9a52,ff02::1:3,udp,dns,0.412145,66,0,1
1762882772.128037,192.168.145.1,224.0.0.252,udp,dns,0.412598,66,0,1
1762882773.129473,fe80::919f:574b:1e59:9a52,ff02::1:3,udp,dns,-,-,-,1
1762882773.129474,192.168.145.1,224.0.0.252,udp,dns,-,-,-,1
1762882774.140977,fe80::919f:574b:1e59:9a52,ff02::1:3,udp,dns,-,-,-,1
1762882774.140989,192.168.145.1,224.0.0.252,udp,dns,-,-,-,1
1762882760.789552,192.168.145.1,224.0.0.251,udp,dns,19.884154,1406,0,1
1762882760.789552,fe80::919f:574b:1e59:9a52,ff02::fb,udp,dns,19.884428,1406,0,1
1762882779.392560,192.168.145.1,239.255.255.250,udp,-,1.001914,2084,0,1
1762882779.392560,fe80::919f:574b:1e59:9a52,ff02::c,udp,-,0.971290,1202,0,1
1762882766.546364,fe80::c7d6:2410:7624:dff8,ff02::16,icmp,-,14.759497,80,0,1
1762882766.022410,fe80::919f:574b:1e59:9a52,ff02::c,udp,-,0.000485,1202,0,1
1762882766.022408,192.168.145.1,239.255.255.250,udp,-,13.370086,2495,0,1
1762882760.824427,192.168.145.1,239.255.255.250,udp,-,18.568158,8648,0,1
1762882744.593008,fe80::919f:574b:1e59:9a52,ff02::1:ff00:1,icmp,-,-,-,-,1
1762882742.028206,192.168.145.129,89.252.135.27,udp,ntp,0.034750,48,48,1
1762882720.265496,192.168.145.1,239.255.255.250,udp,-,40.498276,959,0,1
1762882720.224338,192.168.145.1,224.0.0.22,unknown_transport,-,59.168156,0,0,1
1762882720.224337,fe80::919f:574b:1e59:9a52,ff02::16,icmp,-,59.168157,600,0,1
1762882760.824426,fe80::919f:574b:1e59:9a52,ff02::c,udp,-,18.568159,8760,0,1
